Actual_N,LSTM_custom,LSTM_mae,Linear,Polynomial (d=2),Boosting,MLP,RandomForest,Boosting_custom_with_window,LSTM_custom_with_window,LSTM_mae_with_window,RandomForest_mae_with_window,RandomForest_custom_with_window
0.0,0.0,-0.2080279,0.0,0.0,0.0,0.0,0.0,0.0,0.0,-0.29396513,0.0,0.0
0.0,0.0,-0.25267944,0.0,0.0,0.0,0.0,0.0,0.0,0.0,-0.3523232,0.0,0.0
0.0,0.0,-0.31868735,0.0,0.0,0.0,0.0,0.0,0.0,0.0,-0.26893413,0.0,0.0
0.0,0.0,-0.27282438,0.0,0.0,0.0,0.0,0.0,0.0,0.0,-0.34234563,0.0,0.0
0.0,0.0,-0.30557355,0.0,0.0,0.0,0.0,0.0,0.0,0.0,0.17023945,0.0,0.0
0.0,0.0,0.020336151,0.0,0.0,0.0,0.0,0.0,168.9354306950943,181.0721435546875,182.40108,195.67155431782052,195.67155431782052
205.125,203.05943298339844,207.91507,201.7724722579116,200.14475860597219,198.59254840871924,210.85186767578125,197.06804756056448,202.66907600285109,206.37643432617188,205.9502,191.66600054805033,191.66600054805033
199.99,203.83067321777344,211.26305,199.99930109128547,195.3392284797643,208.34695427293462,210.79759216308594,191.56689930323097,216.48971413899685,207.60372924804688,207.96353,218.36280165017848,218.36280165017848
222.41,207.9717254638672,213.52577,202.59402850244464,202.68060958038637,206.2779383800585,214.61610412597656,210.9094337054451,220.5644938730321,208.71165466308594,209.12,219.26523308344542,219.26523308344542
233.765,213.2666473388672,217.42747,205.22172218060842,210.61335870656296,218.90462620066776,219.20286560058594,220.05743064242282,217.05053950197862,206.911376953125,207.0801,217.12583785782013,217.12583785782013
209.245,202.31488037109375,206.48715,202.03305884840478,200.92640243860393,197.75329890949,210.50291442871094,201.10138154553707,206.6916587722978,203.07191467285156,204.18839,204.55476746891495,204.55476746891495
220.465,202.8590545654297,204.79077,203.77819415765077,206.5132924476361,203.07357486222458,211.68157958984375,207.72856700765303,193.59798334090613,202.13104248046875,202.53386,191.64520691388444,191.64520691388444
195.16,198.05201721191406,201.78815,200.8377846536494,197.37651181914202,194.4116902126783,207.07131958007812,187.2805353380808,196.56747382133787,201.08706665039062,202.2764,196.1342489169143,196.1342489169143
218.45000000000002,198.9600372314453,201.40091,202.13728141818285,201.4267152462985,195.5469945999273,208.30958557128906,196.81204680974608,190.33178559539277,201.3275604248047,201.8186,184.70370646087906,184.70370646087906
205.38,196.8999786376953,201.33063,200.04400764169628,195.01330780018515,190.27687082461287,205.9744415283203,183.68269719035467,203.5880712477056,203.66822814941406,204.33372,203.79277283801474,203.79277283801474
224.04,206.20262145996094,210.11317,203.33215639080896,204.84768470361433,207.8303044401432,213.57568359375,209.56697347388013,207.93563292849512,205.9358367919922,206.0352,202.39871523656998,202.39871523656998
220.26999999999998,203.87789916992188,209.42586,201.486503546883,199.34315721415794,199.0921482325377,211.3619842529297,198.44616771740823,208.58800789533683,206.7487030029297,206.62845,203.14733504332406,203.14733504332406
221.67499999999998,205.46658325195312,211.67868,201.44747552581515,199.32770628508433,200.73507900092315,212.549560546875,199.52811024779376,217.7873941654645,208.30218505859375,208.75902,217.2820979131469,217.2820979131469
227.215,212.64865112304688,217.23148,204.69150915562915,208.98820986697126,215.52486926263114,218.64808654785156,216.1685917754737,221.3524289937408,209.5025177001953,209.67621,223.458873447034,223.458873447034
229.09,212.14598083496094,216.97412,204.4831056218365,208.3542248045582,214.72669595733026,218.22479248046875,216.0469476204276,222.25977348166754,209.91482543945312,209.89868,221.99547228806802,221.99547228806802
229.53,213.12246704101562,218.30852,204.49079998775085,208.40262020227937,218.36670714442036,218.80914306640625,213.6698022611162,225.2656149009203,211.63917541503906,212.2212,226.82146363663472,226.82146363663472
224.97,223.48582458496094,225.53958,209.60718424964614,224.557727498934,220.24460102636755,227.53460693359375,222.23151119344053,218.9511377750851,198.24525451660156,195.15689,208.484675067387,208.484675067387
229.67,211.5750732421875,209.1388,204.33321686805687,212.68992974941995,200.4373472337276,206.75758361816406,201.1970379608366,195.70345355185233,199.5333251953125,199.80849,197.146986723074,197.146986723074
229.24,212.67001342773438,210.65508,204.50300979646954,211.90793003746074,205.73102203190564,207.92298889160156,201.69386643368964,197.3363535140532,201.11404418945312,201.04308,199.04354051322738,199.04354051322738
229.82500000000002,216.18016052246094,213.99869,205.9355154797874,216.4446950994377,212.84083253005636,212.55227661132812,201.94099854601112,198.2317173536553,203.24281311035156,202.75542,208.60957963506112,208.60957963506112
235.60500000000002,219.97735595703125,217.88504,207.27520901415608,219.96468739188578,214.0735811388926,217.2453155517578,210.29513192276033,200.78434104430997,204.71092224121094,204.01353,208.29853735904808,208.29853735904808
237.635,221.56655883789062,218.87839,208.06690764833286,223.46594192369542,214.28546548266,219.3362579345703,210.83917951375201,189.19748068230328,215.65493774414062,222.08183,216.19277100121155,216.19277100121155
159.29999999999998,240.84873962402344,239.64745,212.83179668452414,220.35146723678105,227.78936808980404,247.4313507080078,214.16730644622652,206.4930489555884,215.68646240234375,204.73875,203.41038146754937,203.41038146754937
219.59,214.30604553222656,213.22687,204.68417577000326,210.17582615048076,213.02775282462218,209.6050567626953,204.97785438694174,198.40490465327724,201.99688720703125,201.81985,198.7814119028167,198.7814119028167
229.885,215.9396209716797,213.7533,205.77901479587962,215.89517517386145,212.84083253005636,212.08401489257812,201.79880221470083,198.00611676978568,202.3412322998047,201.82898,203.46862653066475,203.46862653066475
228.76,215.63186645507812,214.31625,205.2837364074265,212.41934399069737,213.1188179587538,211.38059997558594,206.331844492512,193.12734486825912,206.02578735351562,204.67421,196.63302028846726,196.63302028846726
220.385,211.1396026611328,209.57759,205.22696805388227,206.64058951376046,199.3321350906749,201.37278747558594,193.26534363493678,189.19675444938545,209.11215209960938,208.4838,179.41506204684816,179.41506204684816
192.005,208.4982147216797,210.26556,202.63958635157132,192.38381027102838,196.5399395075284,196.42430114746094,183.73552538608413,199.51146508159388,221.15496826171875,223.75932,201.79765686076033,201.79765686076033
184.56500000000003,196.14308166503906,208.12396,192.89125992413744,184.29763683548674,205.67254383016723,209.59622192382812,200.14674236412702,211.57630930238392,219.93634033203125,219.28107,210.6799925762673,210.6799925762673
226.59,213.21588134765625,217.52455,203.7516434687255,206.11632051493564,205.6833861199167,224.3435516357422,197.39401135040256,214.3252037908777,220.77098083496094,219.53854,201.7119586758975,201.7119586758975
225.94000000000003,212.2020721435547,215.36494,204.27344116652932,206.93653453224312,209.52032588018844,223.95806884765625,193.75902950668967,203.0608744315,218.2525634765625,215.86746,190.0095016920772,190.0095016920772
227.80499999999998,196.87196350097656,204.4606,196.24655808033913,187.97016655550033,194.50840804169107,210.8755645751953,191.27161537647842,205.91365811370548,217.82554626464844,216.7749,193.26369133618098,193.26369133618098
229.75,209.84957885742188,214.34296,202.69842856710875,203.13206221993454,201.86361887038694,221.81723022460938,193.68996904393916,203.519342410436,218.24754333496094,216.12999,190.95864026562032,190.95864026562032
224.255,198.59364318847656,205.47462,197.4683877703581,190.45483805309408,194.50840804169107,212.41656494140625,186.78885746919084,209.20529110365214,218.18087768554688,217.28273,198.39532127565698,198.39532127565698
203.545,213.0589599609375,216.01692,204.68631950855644,208.02336842982908,209.7092420324732,224.69837951660156,198.9679182759262,217.25611270608647,220.63690185546875,219.58513,208.03894451395558,208.03894451395558
238.485,216.52947998046875,218.12009,206.89354750331165,213.8119698171369,216.40541888250445,228.00588989257812,214.89184924318965,212.44660993704554,220.85943603515625,219.47218,208.01338091984707,208.01338091984707
232.845,215.02821350097656,217.27188,205.92289898489088,211.22323276369883,214.8431957807065,226.47926330566406,211.5847666139734,216.25194886075164,221.12551879882812,219.94308,208.53110250994206,208.53110250994206
228.33,217.62539672851562,219.37068,206.9324842215612,214.06581458166494,216.40541888250445,228.5754852294922,215.78222192021954,221.69196929556333,224.01373291015625,222.35081,215.5622998482308,215.5622998482308
236.76,225.24073791503906,227.4496,208.6168340677351,219.46891249390336,229.62327128176312,232.95274353027344,223.90891027135171,229.37104914803274,226.69656372070312,224.49191,226.08294512330022,226.08294512330022
239.335,224.06446838378906,228.39903,206.93131920451356,215.5488704888453,231.3566091577203,231.30081176757812,218.76927838425158,231.37328540941928,227.10470581054688,225.24692,225.865626020243,225.865626020243
234.26999999999998,225.28245544433594,228.8088,207.73583589149456,217.52276279974262,230.06345141966452,232.3433380126953,219.01237915371732,234.81082571137608,229.20872497558594,227.3675,234.24727945220644,234.24727945220644
238.795,234.3783721923828,236.86221,210.90566720882515,226.80325015398466,236.23044116533634,237.6035614013672,234.95256394649488,238.06261904065437,231.96075439453125,229.76256,235.76799500757488,235.76799500757488
241.35,236.87542724609375,239.38249,211.83035782524985,228.76929038798767,235.13412955241768,238.94761657714844,235.80172232177125,222.15358199128576,216.44354248046875,211.52501,212.9742643317074,212.9742643317074
235.125,206.7561492919922,211.80193,200.9098662065431,195.16307405489613,207.58973714582433,210.69622802734375,203.9807471695969,211.57011611679908,205.3662567138672,208.20674,205.77667903469373,205.77667903469373
229.225,213.75682067871094,216.21281,204.87618465512298,205.70464453656507,202.75894827768778,217.33596801757812,198.82631164310908,229.26615001433723,207.47006225585938,210.44693,228.82546613626332,228.82546613626332
238.545,223.08946228027344,223.03967,209.64017914561492,219.76515462285425,227.16727897197077,226.35797119140625,228.07218463645177,229.7220565065596,209.19033813476562,211.74751,229.57491624812917,229.57491624812917
241.415,223.6096649169922,223.293,209.9509511100083,220.71199303728878,232.64100329871545,226.8597412109375,228.36932697639358,228.3367794559789,209.94822692871094,212.31194,233.12690885881105,233.12690885881105
238.44000000000003,225.6715545654297,225.65396,210.56566503015517,222.70106738284113,234.25119171132013,228.6180419921875,232.81847578173517,227.23633393664034,209.4812469482422,211.74062,227.03356175507827,227.03356175507827
227.735,220.3955841064453,220.63066,208.41044785690934,215.99047436588995,225.05763390818944,223.7845458984375,223.88625879267533,227.3475705098063,207.79098510742188,210.6617,228.05362278558917,228.05362278558917
234.335,221.31851196289062,221.13469,208.95863635488575,217.64177969279973,224.28972852166194,224.55648803710938,226.79533543242928,225.66547852206014,210.43447875976562,212.49956,231.77942471171127,231.77942471171127
229.54999999999998,227.8674774169922,228.62831,210.98422816808642,224.26624931251177,231.85953274776378,230.49197387695312,231.62274348221015,221.91253244962894,213.6284637451172,214.92743,227.92931000092176,227.92931000092176
236.51999999999998,227.75778198242188,229.87917,210.32188400048562,222.70182168003595,230.82145240996067,230.1454315185547,226.21861332421386,212.1620174769863,210.77627563476562,212.32181,210.51335830501927,210.51335830501927
236.51999999999998,213.75762939453125,216.71118,204.75937948310718,205.46901520204108,204.32571077768208,217.6064453125,200.4693852246234,210.65974211969103,205.4824676513672,208.44055,209.94442068206973,209.94442068206973
229.14499999999998,212.4953155517578,213.8496,204.98054117603436,205.8071390344602,210.1087044365588,216.2329559326172,202.6339953529441,225.55953122205867,206.35667419433594,209.39465,223.72236642986203,223.72236642986203
236.17,222.1876220703125,222.17168,209.21025621123397,218.43396021038808,226.0313808551918,225.47349548339844,226.85892857155707,227.43849211594508,208.58717346191406,211.16917,228.88476299966885,228.88476299966885
235.63,221.96041870117188,221.87204,209.1931256954095,218.37061098382384,226.0313808551918,225.34414672851562,226.7730435710696,226.0994743322813,216.00289916992188,215.31976,226.90470035069652,226.90470035069652
228.05999999999997,227.4845428466797,227.64832,211.17483764563468,221.29753163814854,228.7219096939893,232.15452575683594,225.7606568360501,226.0223743995384,221.5988006591797,221.01088,225.8336089795044,225.8336089795044
236.4,227.98013305664062,229.03258,210.93738251043425,221.00900498454195,230.5085695705883,232.81683349609375,225.9408841597236,217.31378796028858,221.84719848632812,220.9977,223.8152339008344,223.8152339008344
235.64499999999998,223.63623046875,226.4213,208.53328566434107,214.80464707816992,209.337024594884,228.55770874023438,220.18594689418194,238.8018279086091,223.8298797607422,224.24123,238.15488788184692,238.15488788184692
220.665,245.56430053710938,240.92809,220.09080754203393,248.12114506988672,239.67879267735097,247.616943359375,238.49244916435975,212.81947964419612,204.2053680419922,210.78693,218.33256556361735,218.33256556361735
206.015,200.36363220214844,200.68643,192.97457184387724,201.35428508176898,210.05538153911016,211.58514404296875,196.03274984625284,204.20420956814283,192.0577392578125,190.6176,196.58923047842634,196.58923047842634
184.61,200.48495483398438,203.20209,191.8711775726075,194.77152877303098,207.36769035306781,211.53829956054688,196.0177978647545,204.79339893026366,196.02882385253906,194.8556,196.8762672499736,196.8762672499736
220.05999999999997,216.26565551757812,214.75052,199.94036768109686,217.2193388971894,207.3677515689278,227.029296875,196.56478392739623,209.14298652143034,199.97340393066406,198.11009,197.13098147288898,197.13098147288898
222.275,220.61134338378906,218.47227,201.7905768361984,221.76835773685167,207.92050181256815,231.1573028564453,196.55087995861177,209.40037807180036,198.7806854248047,196.45523,197.24327252748444,197.24327252748444
229.46,207.1725311279297,208.47269,195.1982466718024,203.27768923769037,207.3677515689278,218.1056365966797,196.37628987881502,206.51896033520987,196.3388214111328,195.05939,196.82520251785002,196.82520251785002
225.63,212.1124267578125,210.8789,198.16523275625315,213.2416260181813,207.36769035306781,222.8780975341797,196.0895912268481,204.49068002383635,196.08323669433594,194.82446,196.9417415259243,196.9417415259243
228.39,211.885009765625,209.39351,198.74918766328204,217.26949800723725,207.36765847877967,222.9913787841797,195.7264758599845,220.63217619007486,214.94381713867188,204.19608,215.85916594606462,215.85916594606462
222.115,233.92103576660156,232.1094,214.50873037967875,230.79487822133996,237.9019142336953,238.02694702148438,234.561636259972,218.18225507889127,220.24928283691406,220.01604,215.64658596808425,215.64658596808425
231.885,220.81350708007812,221.63055,208.45403582463155,213.5192174629704,211.51141644258678,225.21670532226562,213.36592355188947,213.2449437380493,218.0443572998047,217.96498,205.01457511167212,205.01457511167212
216.85,221.27163696289062,222.76738,208.17995529528628,213.07374237461858,205.5208401183586,225.7684783935547,204.82774578182605,218.72308891449742,219.6487579345703,219.3815,216.00520273843597,216.00520273843597
211.67999999999998,224.2465362548828,226.24348,209.13609649732052,216.06633494333255,211.6347339462067,229.0005340576172,215.00016601243357,229.09168795329253,220.19522094726562,220.31523,227.13218757675995,227.13218757675995
178.41,226.1258544921875,226.03831,210.83934231359484,220.16705324900937,223.5325515862034,230.52191162109375,224.93453313833905,215.30747677731404,194.88192749023438,202.1871,213.70741893059574,213.70741893059574
149.17,176.98614501953125,179.20665,182.88692961807755,176.8345481354403,199.18389679897453,187.7659149169922,204.20538199954365,203.66783159503592,179.86215209960938,180.08939,205.97681204227376,205.97681204227376
174.31500000000003,180.0815887451172,181.28712,184.82203476943153,181.87847991105235,199.18389679897453,191.00924682617188,203.78574455059558,203.49866939583976,180.95179748535156,181.50946,206.36409717080747,206.36409717080747
201.345,186.47674560546875,185.48042,188.80461733798336,192.9694985573422,194.7809270548554,197.74818420410156,203.09007621788797,222.06368878295658,214.27432250976562,209.37688,223.20008734783866,223.20008734783866
196.595,240.28045654296875,239.47748,214.69137523531833,236.15855383344228,235.14415982094368,243.26678466796875,230.81119569862486,236.45060712841052,239.234375,236.18933,232.95050996482425,232.95050996482425
204.54999999999998,236.7311553955078,238.17862,212.09201063369392,230.00315119539408,237.64759375951098,240.61732482910156,235.36955237889876,237.17779339002087,239.43035888671875,236.91063,235.4961595131099,235.4961595131099
218.16,240.68544006347656,240.52002,214.31659571543025,235.54167085309206,237.47236250635825,243.07794189453125,233.00607072849058,236.9787076615085,239.76243591308594,237.07951,233.34201986580007,233.34201986580007
206.985,239.94302368164062,239.88757,213.98663077343826,234.62214466884717,237.30265719280928,242.68304443359375,233.61805494807916,236.780343147023,239.3563690185547,236.39835,228.5701575004403,228.5701575004403
205.73000000000002,235.9932861328125,237.68518,211.53328398913004,228.74674013257038,236.53133321274532,240.0320281982422,229.48237318143634,236.72288529104463,239.80987548828125,236.8958,233.26450806426726,233.26450806426726
210.49,238.40945434570312,240.55345,211.81918062770893,230.2238811985494,236.35870178528944,240.92596435546875,234.4773373237832,239.1577449803946,241.5686798095703,238.9073,236.25237719422242,236.25237719422242
224.295,243.87120056152344,245.0499,214.08031589945483,235.82177215442243,236.76549517989955,243.70223999023438,236.3495273765448,222.22705360390276,227.8100128173828,219.98576,204.24859294105133,204.24859294105133
231.125,208.53829956054688,214.12746,201.54990086944946,197.02864412744555,204.81609020751353,213.0023651123047,199.70731264749128,223.60035589541724,217.22695922851562,217.69073,217.33276881054624,217.33276881054624
212.55999999999997,223.89251708984375,225.0875,209.37052104030687,216.37047327484458,223.53662539924377,228.4678497314453,216.38288388283425,215.51875679006395,218.79498291015625,218.68831,211.20970873227841,211.20970873227841
214.655,219.80181884765625,221.22366,207.7734308151638,211.80334614353768,205.5208401183586,224.14736938476562,204.97782725972425,217.4317395070015,218.4453582763672,218.32016,210.3764670256847,210.3764670256847
214.585,222.3368377685547,223.87193,208.65452350089004,214.43528405139625,209.574452116987,226.96868896484375,209.86050599217253,219.67632140955723,221.93051147460938,221.02252,222.6648723513272,222.6648723513272
211.88,228.93357849121094,231.96242,210.5337986651361,221.01473368177835,215.40260400955884,233.8047637939453,223.44746671895663,213.35296520885603,231.0301513671875,225.91562,223.49060371979309,223.49060371979309
195.64,223.70159912109375,234.94666,169.2945739777714,166.03062900176752,220.899122046417,227.6307373046875,218.0693380236362,215.50707025759112,235.66542053222656,232.67131,225.83855875611826,225.83855875611826
206.84,239.07452392578125,246.98767,176.27028851793858,173.91590498167477,215.86131519752223,239.5575714111328,214.81175937406192,227.544816648672,241.9073486328125,238.59993,230.58143586108523,230.58143586108523
221.32000000000002,250.0,259.253,183.72549518377207,184.70677002751063,229.47553879273485,250.0,225.27751481236996,230.80479076821126,246.50547790527344,242.40535,234.52783831953886,234.52783831953886
221.44000000000003,250.0,263.04236,185.82378298375562,188.7006218025174,230.51173931099416,250.0,231.7045218956452,229.91106139026238,246.6642303466797,242.48431,234.73071623560244,234.73071623560244
214.915,250.0,259.67075,184.4364523724671,185.0571825378628,229.96900875482868,250.0,231.66610308301273,234.64898550655585,243.4375762939453,240.10689,238.09614906434842,238.09614906434842
234.89,250.0,254.46545,184.62162386108952,180.08362388771036,239.36789142927933,250.0,236.8570171628239,230.35482835693819,241.76065063476562,238.28304,233.61330747737512,233.61330747737512
241.0,250.0,255.54384,183.58248007410947,180.7809113478569,230.51173931099416,250.0,231.6834100204405,230.52846666744796,237.77403259277344,235.26158,233.2824944139917,233.2824944139917
241.915,239.29966735839844,240.47617,179.61635429719547,168.16413120841685,227.6696561802254,241.0305938720703,229.12498046774567,224.51722235076588,228.76220703125,227.85846,227.3668513498353,227.3668513498353
235.24,230.29275512695312,229.24876,178.0533707574233,162.85594135414107,228.69899600143444,233.18711853027344,226.75938529247358,207.25621464632815,220.8347625732422,218.74591,201.22081948194707,201.22081948194707
232.57000000000002,197.8040771484375,207.03987,161.54486857798588,150.19249274147683,212.1308601086488,200.48065185546875,201.026385915104,220.75012559797818,221.0077362060547,221.54465,220.7073670946668,220.7073670946668
228.39499999999998,231.95333862304688,232.16246,177.38186221736606,162.59932201590323,222.6998308452874,234.9471435546875,224.90076197508046,226.08944565957208,231.48696899414062,229.7193,230.07313835649083,230.07313835649083
231.475,245.35438537597656,246.98843,181.5299549246709,173.27445832578871,227.66974927037347,245.80767822265625,232.51308433397358,222.7768249131697,214.20680236816406,221.55191,218.56037332393132,218.56037332393132
234.72,214.4038543701172,217.30193,164.06953728691008,250.0,205.7207813932324,225.75062561035156,197.19504568137145,214.21647493592965,201.230712890625,201.55992,198.34839739165696,198.34839739165696
227.64499999999998,207.37838745117188,212.4017,160.50515513207984,250.0,205.7207813932324,218.97689819335938,197.2145980576671,213.57380555767813,198.30087280273438,198.83846,197.85564615074895,197.85564615074895
226.55999999999997,200.5569610595703,205.48236,157.83180349437845,250.0,205.16793805944386,212.07244873046875,196.11372256611696,206.82671978208504,196.9024658203125,197.8278,197.76377070959342,197.76377070959342
222.985,204.8958282470703,208.97176,160.02254807734482,250.0,205.167969933732,216.58177185058594,196.60970868418502,207.53360249384733,199.4986572265625,200.00385,197.94195487354864,197.94195487354864
195.85,210.54185485839844,214.8407,162.06941879200923,250.0,205.7207813932324,222.1748809814453,197.19504568137145,213.65850557245028,199.61846923828125,200.27296,198.03364946684837,198.03364946684837
202.045,206.0880889892578,209.00594,161.05057748145913,250.0,205.16793805944386,217.63787841796875,196.20163428994198,215.04702445362648,218.25485229492188,208.01595,208.61595088408066,208.61595088408066
214.235,229.4982452392578,231.37276,175.83137550535452,161.37659933387658,222.58978343732056,232.6957244873047,217.67813537300475,224.65095556093382,232.98779296875,230.79083,226.08348070296103,226.08348070296103
214.75,247.9051971435547,251.12936,181.5917763331638,176.71131660799495,229.4736589731911,247.31362915039062,225.8220272356003,229.6596118505313,238.38287353515625,235.52242,234.72448055544533,234.72448055544533
234.64499999999998,244.309326171875,246.46054,180.8852967669107,172.64925972799233,227.67976895784838,244.93316650390625,231.89921541236473,230.83138534561758,233.38369750976562,233.08206,230.56060248892393,230.56060248892393
234.41,249.60108947753906,242.47696,187.11271560942362,176.4751799316823,227.2901293815705,249.90040588378906,228.46154530142198,212.56323191544314,201.34005737304688,209.12384,212.37359345676504,212.37359345676504
176.42,177.45310974121094,181.73207,160.12696014051306,250.0,193.102847340006,188.33363342285156,202.1949857817466,202.88047630195217,181.71932983398438,183.51225,204.21275818707184,204.21275818707184
165.67499999999998,173.74203491210938,178.7882,159.07436561060075,250.0,192.82596495062074,184.11424255371094,202.10344985216102,206.30907035574893,181.83673095703125,183.64008,202.946222980161,202.946222980161
165.99,175.82061767578125,181.25699,155.2535036190834,250.0,200.08843614643447,186.5421905517578,202.94599072617098,200.10991090444887,184.56851196289062,186.29785,201.96106490321665,201.96106490321665
186.76999999999998,183.02520751953125,188.6768,150.3188011500315,250.0,200.9290803967701,193.9935302734375,195.97372742598392,199.99257024906447,187.1670684814453,188.9927,199.6585386400014,199.6585386400014
190.09,186.58447265625,191.31345,152.3144738909341,250.0,200.9290803967701,197.94558715820312,194.51204161258832,198.6628062494223,186.18463134765625,187.57925,202.75236967624664,202.75236967624664
167.0,178.59898376464844,184.33536,152.20172471055025,250.0,200.90842827510502,189.43307495117188,200.7925806297806,212.02075053234563,181.90586853027344,183.5198,205.49633159968934,205.49633159968934
187.245,168.35653686523438,174.64377,157.05357857416385,250.0,189.18214409315078,178.1248321533203,201.93161700660056,213.05427081189106,181.4244842529297,183.32993,202.93760991576588,202.93760991576588
172.57000000000002,177.86192321777344,183.07346,154.86773080507663,250.0,200.08843614643447,188.621337890625,201.86954190844074,205.87463622059803,182.79635620117188,186.95676,198.65446392518444,198.65446392518444
210.495,191.19093322753906,202.95505,194.33827374749382,187.02703661698632,210.64775144059615,210.38946533203125,198.06114548265444,197.5175569794659,195.8848419189453,198.30357,194.48212288632112,194.48212288632112
212.17499999999998,186.06222534179688,198.26678,194.0267907539448,191.79139574099685,199.05230113145947,203.85731506347656,197.0522960644335,208.12485219917846,193.77398681640625,192.20956,195.6344179022412,195.6344179022412
197.47,174.8833770751953,181.8515,149.33404539648694,250.0,205.38400477751318,184.58001708984375,197.3566015934105,200.94244104089938,182.05137634277344,184.66528,202.92331068484248,202.92331068484248
186.99,185.93397521972656,189.80243,155.0181023586934,250.0,205.38225946150524,195.89596557617188,196.86892403821335,202.42760636371506,183.02328491210938,185.38066,204.35704781560813,204.35704781560813
200.88,183.92770385742188,187.58873,157.62005309475774,250.0,202.47231781601602,193.99208068847656,200.45569223620763,199.44011974805892,182.834228515625,185.21388,202.93448521235973,202.93448521235973
201.785,185.328125,189.31265,154.67082712192934,250.0,205.38225946150524,195.20741271972656,196.86892403821335,204.64180003085832,186.3873748779297,188.68825,201.6985321114162,201.6985321114162
204.62,196.74461364746094,201.02452,157.95028214242518,250.0,212.05530655022594,207.8031463623047,196.27036444675835,207.38030469003198,192.712890625,194.64633,197.92946789586586,197.92946789586586
212.11,207.98500061035156,211.74359,162.4973577172799,250.0,209.36769181085822,219.0338134765625,197.1350811670582,213.54851833102109,197.1033477783203,198.52037,198.0707819556896,198.0707819556896
220.725,212.4330291748047,216.0603,164.16348043734183,250.0,209.92044205449866,223.2087860107422,197.17177121754094,215.8311378648887,199.7427520751953,201.23712,198.34839739165696,198.34839739165696
229.83,219.5137176513672,221.7053,167.47211377297884,250.0,211.37751023722205,230.2475128173828,197.17177121754094,214.91235801995276,199.56101989746094,201.0799,198.28268513015306,198.28268513015306
228.14499999999998,214.67063903808594,215.5804,166.29067180433492,250.0,209.36769181085822,225.59201049804688,196.93829938955963,209.78991390498334,197.355712890625,199.00356,198.0707819556896,198.0707819556896
218.42,214.5269012451172,216.05174,165.93798159053546,250.0,209.36769181085822,225.4447021484375,197.19132359383661,214.49402608101346,195.90196228027344,197.61552,198.1185481435478,198.1185481435478
219.33,207.40074157714844,209.25688,163.20099972347901,250.0,209.36759872071013,218.45407104492188,196.0632641144463,207.91528163845507,195.02061462402344,196.70584,197.9206905113098,197.9206905113098
212.98000000000002,209.98130798339844,213.13165,163.60141793816797,250.0,209.36769181085822,221.04957580566406,197.1350811670582,213.46956108864833,195.4324951171875,197.0266,197.77720195622823,197.77720195622823
219.005,205.7261962890625,209.0256,161.94525301991865,250.0,209.36759872071013,216.83338928222656,195.93077301392114,208.57094483710003,192.13787841796875,193.76988,198.12294246305697,198.12294246305697
220.015,197.38778686523438,200.77872,158.55974868868907,250.0,212.05530655022594,208.39315795898438,196.29776679923978,201.75464355056275,188.0593719482422,190.39711,200.2762338078597,200.2762338078597
208.64499999999998,193.98248291015625,195.78645,157.32643437399304,250.0,206.0487930774319,204.2345733642578,195.7398598509236,205.87686255262497,183.6295928955078,186.0014,204.296491156606,204.296491156606
198.82500000000002,183.03692626953125,185.68681,162.9513272849543,250.0,198.26675938101934,193.0533905029297,202.58832479813177,201.3776874022285,181.35980224609375,183.3558,202.45148369917283,202.45148369917283
196.25,179.25038146972656,185.20694,150.5167757275368,250.0,205.38080675242952,189.0784454345703,196.5761983245346,202.70634122921928,183.07180786132812,185.29982,201.59516617664687,201.59516617664687
202.39499999999998,183.01954650878906,189.83124,151.094985070081,250.0,210.4204662112454,193.31515502929688,195.97886159488982,205.89041563842463,190.16831970214844,201.88663,202.04043306926872,202.04043306926872
231.70000000000002,215.4600067138672,211.69772,164.74175261124458,250.0,216.3044496106886,227.91262817382812,205.98179192438133,207.46973196709706,203.5050048828125,205.44255,201.60250136325277,201.60250136325277
231.43499999999997,216.25961303710938,212.73253,163.38995782435074,250.0,212.47808930358198,228.6274871826172,205.5074319627602,205.51786533360456,202.5691680908203,204.39838,197.58532130573212,197.58532130573212
227.93499999999997,211.5649871826172,207.86635,168.88695953024325,250.0,208.55027146689818,225.01841735839844,202.41582566090221,205.4220569939079,200.43333435058594,202.23477,205.24734733680467,205.24734733680467
223.255,209.9704132080078,204.8256,177.42723366647897,250.0,202.27605831994472,224.4102020263672,206.86916324621166,197.23696196960387,199.12045288085938,200.57295,200.7833216310993,200.7833216310993
218.10500000000002,208.3570556640625,203.28029,178.1033202094655,250.0,196.3195819807784,222.97305297851562,202.1420940540629,189.98794613841338,197.45066833496094,198.48372,190.776386102974,190.776386102974
182.785,199.44664001464844,196.86539,174.3914482902635,250.0,192.24825799193562,215.420166015625,193.28660411158438,202.333269905672,189.27801513671875,181.30284,194.96475432821296,194.96475432821296
178.70000000000002,167.0783233642578,173.20071,159.03668590555566,250.0,190.4286167551242,176.38905334472656,202.4535230072866,203.99728836451317,176.53634643554688,178.88446,203.979763749093,203.979763749093
171.635,171.19407653808594,176.81879,158.36719926050444,250.0,196.51181497170822,180.67825317382812,203.12817268047235,204.0589305873398,177.8940887451172,180.40128,203.78206164147554,203.78206164147554
171.29,174.0595245361328,179.34174,157.7767440133897,250.0,198.26675938101934,183.71400451660156,202.8368586060994,203.79658134341145,178.24758911132812,180.47597,204.2393746684081,204.2393746684081
170.94500000000002,171.75384521484375,177.65596,156.55489008358222,250.0,198.26675938101934,181.3262481689453,202.6599902778762,206.5579473904843,200.80189514160156,190.93076,206.2254821616552,206.2254821616552
214.89,213.06399536132812,212.97624,177.28620004268606,129.46542619033823,208.77074200477503,216.2247314453125,206.5644453588864,211.7194506201624,205.5965118408203,205.85861,212.92478533532218,212.92478533532218
215.93499999999997,213.6980743408203,211.62947,185.09305045235521,150.33964560658274,208.57445068741347,216.86398315429688,218.53297675637316,208.11367088456575,203.97897338867188,204.05069,210.01798946115412,210.01798946115412
206.29999999999998,209.56898498535156,207.626,187.77209468099153,158.80447078404256,201.70510151157086,212.78428649902344,205.69218893506138,207.17975794473577,204.0685272216797,204.11295,204.0172487439246,204.0172487439246
211.845,212.7694549560547,211.92612,180.72318266542317,138.86408659045657,211.96818866919253,215.94532775878906,209.75233804797693,216.16496841400783,206.9507598876953,207.09427,216.978784040794,216.978784040794
221.30999999999997,220.09388732910156,218.26639,178.91968444528658,130.1457501880285,218.62849956363243,223.19139099121094,221.82458518542649,205.88835210030953,208.40225219726562,207.53958,202.81021480880264,202.81021480880264
172.30499999999998,211.35943603515625,214.21535,166.875244999808,0.0,214.96292396758986,214.59478759765625,200.5092652780643,207.85747547205247,208.27206420898438,207.86458,202.21903519217585,202.21903519217585
197.375,213.30760192871094,215.64885,168.49645334573978,0.0,215.2682754376002,216.58177185058594,201.66437572033524,206.35958389671399,207.22659301757812,206.94278,201.51413225511106,201.51413225511106
166.42499999999998,209.57972717285156,210.97363,173.9053833373864,0.0,205.51869557959066,212.933837890625,199.0266430281447,211.1885156898752,207.87474060058594,207.80319,212.99906861869266,212.99906861869266
203.32000000000002,219.90951538085938,219.99387,171.8711529215919,0.0,214.1965415418338,222.9969482421875,214.97231897942666,216.12341313341327,210.10826110839844,209.69812,215.42867602893486,215.42867602893486
215.16,219.3987274169922,219.49272,171.83417115167362,0.0,214.1965415418338,222.4246368408203,214.95327975746326,215.92538363682158,208.71990966796875,208.53001,212.37980174196636,212.37980174196636
209.69500000000002,215.7310333251953,215.38634,176.2750619767079,125.30077973376784,213.33016939904437,218.8350372314453,209.78436727303483,205.3624437867734,206.81130981445312,206.50244,199.89270586616453,199.89270586616453
197.79,210.7798614501953,211.83612,174.7294435905369,0.0,205.51869557959066,214.13340759277344,199.40904816642876,198.5990756999098,203.95480346679688,203.78416,194.66093686121962,194.66093686121962
173.29999999999998,201.47915649414062,203.1734,178.94135787419282,138.76648369814473,197.1695591697134,204.91566467285156,195.38837763270584,191.95310695368235,201.63710021972656,201.79713,189.2467937588893,189.2467937588893
187.795,202.4832305908203,203.30873,181.6638900064134,145.06137832130253,194.60299918641252,205.89999389648438,193.67041884676385,0.0,0.0,2.1923246,0.0,0.0
0.0,0.0,-0.16467316,0.0,0.0,0.0,0.0,0.0,0.0,0.0,-0.38474062,0.0,0.0
0.0,0.0,-0.120238684,0.0,0.0,0.0,0.0,0.0,0.0,0.0,-0.6374915,0.0,0.0
0.0,0.0,-0.21030185,0.0,0.0,0.0,0.0,0.0,0.0,0.0,-0.33732852,0.0,0.0
0.0,0.0,-0.13479936,0.0,0.0,0.0,0.0,0.0,0.0,0.0,0.058859035,0.0,0.0
0.0,0.0,-0.15256241,0.0,0.0,0.0,0.0,0.0,0.0,0.0,-0.23082331,0.0,0.0
0.0,0.0,-0.16385403,0.0,0.0,0.0,0.0,0.0,0.0,0.0,-0.2225116,0.0,0.0
0.0,0.0,-0.13513269,0.0,0.0,0.0,0.0,0.0,0.0,0.0,-0.31665662,0.0,0.0
0.0,0.0,-0.16408485,0.0,0.0,0.0,0.0,0.0,0.0,0.0,-0.46359548,0.0,0.0
0.0,0.0,0.2854062,0.0,0.0,0.0,0.0,0.0,0.0,0.0,-0.32556096,0.0,0.0
0.0,0.0,-0.18168171,0.0,0.0,0.0,0.0,0.0,0.0,0.0,-0.27336022,0.0,0.0
0.0,0.0,-0.11532233,0.0,0.0,0.0,0.0,0.0,0.0,0.0,-0.16011728,0.0,0.0
0.0,0.0,-0.16227052,0.0,0.0,0.0,0.0,0.0,0.0,0.0,-0.26813456,0.0,0.0
0.0,0.0,-0.15453897,0.0,0.0,0.0,0.0,0.0,0.0,0.0,-0.26793164,0.0,0.0
0.0,0.0,-0.16292964,0.0,0.0,0.0,0.0,0.0,0.0,0.0,-0.5421896,0.0,0.0
0.0,0.0,-0.11567807,0.0,0.0,0.0,0.0,0.0,0.0,0.0,-0.7457078,0.0,0.0
0.0,0.0,-0.18697149,0.0,0.0,0.0,0.0,0.0,0.0,0.0,-0.621564,0.0,0.0
0.0,0.0,-0.3212767,0.0,0.0,0.0,0.0,0.0,0.0,0.0,-0.27869654,0.0,0.0
0.0,0.0,-0.14347225,0.0,0.0,0.0,0.0,0.0,0.0,0.0,-0.70864797,0.0,0.0
0.0,0.0,-0.14965396,0.0,0.0,0.0,0.0,0.0,0.0,0.0,-0.23567207,0.0,0.0
0.0,0.0,-0.10804788,0.0,0.0,0.0,0.0,0.0,0.0,0.0,0.32877874,0.0,0.0
0.0,0.0,0.05832909,0.0,0.0,0.0,0.0,0.0,0.0,0.0,0.5606182,0.0,0.0
0.0,0.0,0.06058438,0.0,0.0,0.0,0.0,0.0,0.0,0.0,0.5107245,0.0,0.0
0.0,0.0,0.032674648,0.0,0.0,0.0,0.0,0.0,0.0,0.0,0.1627531,0.0,0.0
0.0,0.0,-0.05876394,0.0,0.0,0.0,0.0,0.0,0.0,0.0,-0.02238147,0.0,0.0
0.0,0.0,-0.120409794,0.0,0.0,0.0,0.0,0.0,0.0,0.0,-0.44648522,0.0,0.0
0.0,0.0,-0.10548953,0.0,0.0,0.0,0.0,0.0,0.0,0.0,-0.53960633,0.0,0.0
0.0,0.0,-0.15924944,0.0,0.0,0.0,0.0,0.0,0.0,0.0,-0.5768852,0.0,0.0
0.0,0.0,-0.17309037,0.0,0.0,0.0,0.0,0.0,0.0,0.0,-0.4638877,0.0,0.0
0.0,0.0,-0.15270716,0.0,0.0,0.0,0.0,0.0,0.0,0.0,-0.31676432,0.0,0.0
0.0,0.0,-0.15293367,0.0,0.0,0.0,0.0,0.0,0.0,0.0,-0.42357063,0.0,0.0
0.0,0.0,-0.22552617,0.0,0.0,0.0,0.0,0.0,0.0,0.0,-0.55710804,0.0,0.0
0.0,0.0,-0.16245523,0.0,0.0,0.0,0.0,0.0,0.0,0.0,-0.2711353,0.0,0.0
0.0,0.0,-0.15014191,0.0,0.0,0.0,0.0,0.0,0.0,0.0,-0.35194218,0.0,0.0
0.0,0.0,-0.15998335,0.0,0.0,0.0,0.0,0.0,0.0,0.0,0.037649535,0.0,0.0
0.0,0.0,-0.034901697,0.0,0.0,0.0,0.0,0.0,0.0,0.0,0.37806126,0.0,0.0
0.0,0.0,0.052906603,0.0,0.0,0.0,0.0,0.0,0.0,0.0,0.2813757,0.0,0.0
0.0,0.0,-0.29257765,0.0,0.0,0.0,0.0,0.0,0.0,0.0,0.35363665,0.0,0.0
0.0,0.0,-0.34641254,0.0,0.0,0.0,0.0,0.0,0.0,0.0,0.057123892,0.0,0.0
0.0,0.0,-0.32772335,0.0,0.0,0.0,0.0,0.0,0.0,0.0,0.2920737,0.0,0.0
0.0,0.0,-0.12178375,0.0,0.0,0.0,0.0,0.0,0.0,0.0,-0.20137602,0.0,0.0
0.0,0.0,-0.10229078,0.0,0.0,0.0,0.0,0.0,0.0,0.0,-0.08092473,0.0,0.0
0.0,0.0,-0.12905738,0.0,0.0,0.0,0.0,0.0,0.0,0.0,-0.15694553,0.0,0.0
0.0,0.0,-0.12698117,0.0,0.0,0.0,0.0,0.0,0.0,0.0,-0.3184492,0.0,0.0
0.0,0.0,-0.10970511,0.0,0.0,0.0,0.0,0.0,0.0,0.0,-0.37994727,0.0,0.0
0.0,0.0,-0.17514373,0.0,0.0,0.0,0.0,0.0,0.0,0.0,-0.5602973,0.0,0.0
0.0,0.0,-0.17181166,0.0,0.0,0.0,0.0,0.0,0.0,0.0,-0.6502921,0.0,0.0
0.0,0.0,-0.10699792,0.0,0.0,0.0,0.0,0.0,0.0,0.0,-0.8810717,0.0,0.0
0.0,0.0,-0.22925468,0.0,0.0,0.0,0.0,0.0,0.0,0.0,-0.06628957,0.0,0.0
0.0,0.0,-0.15023446,0.0,0.0,0.0,0.0,0.0,0.0,0.0,-0.111234896,0.0,0.0
0.0,0.0,-0.09089934,0.0,0.0,0.0,0.0,0.0,0.0,0.0,0.1370273,0.0,0.0
0.0,0.0,-0.047445577,0.0,0.0,0.0,0.0,0.0,0.0,0.0,-0.12692747,0.0,0.0
0.0,0.0,-0.12534626,0.0,0.0,0.0,0.0,0.0,0.0,0.0,0.083584145,0.0,0.0
0.0,0.0,-0.06603658,0.0,0.0,0.0,0.0,0.0,0.0,0.0,0.31265876,0.0,0.0
0.0,0.0,0.009307836,0.0,0.0,0.0,0.0,0.0,0.0,0.0,0.38115266,0.0,0.0
0.0,0.0,-0.0030588843,0.0,0.0,0.0,0.0,0.0,0.0,0.0,0.47473893,0.0,0.0
0.0,0.0,-0.009934843,0.0,0.0,0.0,0.0,0.0,0.0,0.0,0.18393396,0.0,0.0
0.0,0.0,-0.09668321,0.0,0.0,0.0,0.0,0.0,0.0,0.0,0.06751408,0.0,0.0
0.0,0.0,-0.096814014,0.0,0.0,0.0,0.0,0.0,0.0,0.0,0.19853538,0.0,0.0
0.0,0.0,-0.069940634,0.0,0.0,0.0,0.0,0.0,0.0,0.0,0.0063850274,0.0,0.0
0.0,0.0,-0.077412784,0.0,0.0,0.0,0.0,0.0,0.0,0.0,-0.052549418,0.0,0.0
0.0,0.0,-0.10758519,0.0,0.0,0.0,0.0,0.0,0.0,0.0,-0.24102016,0.0,0.0
0.0,0.0,-0.15179585,0.0,0.0,0.0,0.0,0.0,0.0,0.0,-0.34419504,0.0,0.0
0.0,0.0,-0.3340337,0.0,0.0,0.0,0.0,0.0,0.0,0.0,-0.6555689,0.0,0.0
0.0,0.0,-0.41237864,0.0,0.0,0.0,0.0,0.0,0.0,0.0,-0.7043712,0.0,0.0
0.0,0.0,-0.43378952,0.0,0.0,0.0,0.0,0.0,0.0,0.0,-0.6873707,0.0,0.0
0.0,0.0,-0.3739175,0.0,0.0,0.0,0.0,0.0,0.0,0.0,0.77792376,0.0,0.0
0.0,0.0,0.02068247,0.0,0.0,0.0,0.0,0.0,148.63513714401458,169.52865600585938,172.99434,183.92513167152075,183.92513167152075
187.81500000000003,195.59371948242188,197.1941,195.36453847996694,184.02503342980344,177.7804111209038,187.692626953125,182.99515798682884,182.0115932175645,190.66751098632812,191.15666,183.294211959059,183.294211959059
188.545,193.0974884033203,194.30872,194.7120870606335,183.81909593582355,177.18684949965578,185.21510314941406,181.85668045859177,182.8364404903425,188.29013061523438,189.23456,188.2170243464243,188.2170243464243
191.975,188.9434814453125,189.02275,193.6894786577767,184.47352441726554,180.61072484080842,181.29095458984375,186.26874519137448,182.70268063834695,185.34718322753906,186.64056,188.6466789369534,188.6466789369534
194.745,185.25355529785156,184.14786,192.73743420006576,185.21687828656974,180.94394765642983,178.14395141601562,186.0986144245477,182.74707326842844,183.9040069580078,185.05214,182.97634627456128,182.97634627456128
183.535,183.73458862304688,183.53003,191.85930128641456,180.96021326234865,178.85082944991882,176.53147888183594,182.6053542488359,182.88083312042397,185.01788330078125,185.93721,183.9518064591467,183.9518064591467
184.585,187.7247314453125,188.25006,193.02932486037838,181.66233317129132,179.4567112016326,179.96241760253906,182.53339369707027,182.70268063834695,185.5558624267578,186.72203,185.77872769686928,185.77872769686928
186.94000000000003,185.4075164794922,185.21046,192.46209291376653,182.31624706281673,178.85082944991882,177.9488525390625,184.303618994762,179.52091184762526,180.26705932617188,176.67793,181.11479994250413,181.11479994250413
182.295,138.85830688476562,143.73282,175.6477997732469,127.5962224999124,155.75055221784186,153.6077117919922,170.46807879133777,183.84177588469066,169.38229370117188,168.81287,176.1178071799258,176.1178071799258
182.11,165.1375274658203,163.55006,189.54866019166684,165.11808668268736,166.93100015523393,176.60003662109375,184.02019223918856,0.0,0.0,-0.7191159,0.0,0.0
0.0,0.0,-0.07661931,0.0,0.0,0.0,0.0,0.0,0.0,0.0,-0.33422777,0.0,0.0
0.0,0.0,-0.10090972,0.0,0.0,0.0,0.0,0.0,0.0,0.0,-0.7012811,0.0,0.0
0.0,0.0,-0.20630375,0.0,0.0,0.0,0.0,0.0,0.0,0.0,-0.47877914,0.0,0.0
0.0,0.0,-0.19448401,0.0,0.0,0.0,0.0,0.0,0.0,0.0,-0.4295243,0.0,0.0
0.0,0.0,-0.17123787,0.0,0.0,0.0,0.0,0.0,149.4955872129883,142.6261749267578,152.624,178.91366970230888,178.91366970230888
144.815,161.56661987304688,160.86862,188.85359113188076,164.34087817372716,163.18456876772484,166.414794921875,180.96048836350027,177.66581430009708,164.002685546875,165.00507,182.0732929590607,182.0732929590607
143.79,170.90142822265625,166.6668,194.5135943244486,184.98781635527865,168.428108311989,177.51490783691406,185.4869110876701,0.0,0.0,-6.138095,0.0,0.0
0.0,0.0,-0.42862818,0.0,0.0,0.0,0.0,0.0,0.0,0.0,-1.01773,0.0,0.0
0.0,0.0,-0.16483712,0.0,0.0,0.0,0.0,0.0,0.0,0.0,-0.49026078,0.0,0.0
0.0,0.0,-0.1701633,0.0,0.0,0.0,0.0,0.0,0.0,0.0,-0.2726371,0.0,0.0
0.0,0.0,-0.16468991,0.0,0.0,0.0,0.0,0.0,0.0,0.0,-0.3694887,0.0,0.0
0.0,0.0,-0.15491673,0.0,0.0,0.0,0.0,0.0,0.0,0.0,-0.22450744,0.0,0.0
0.0,0.0,-0.18674894,0.0,0.0,0.0,0.0,0.0,0.0,0.0,-0.35056785,0.0,0.0
0.0,0.0,-0.17266376,0.0,0.0,0.0,0.0,0.0,140.71120528714715,144.85830688476562,154.1505,151.72034713592396,151.72034713592396
133.16,161.29794311523438,163.70245,186.52246297605444,156.2425687443146,163.30238706727724,164.6749725341797,150.14696361148245,160.73540891257258,166.38623046875,166.6029,152.1607939385447,152.1607939385447
157.94,168.10107421875,168.83955,189.92730489771265,167.3714628990641,162.77916725644928,171.2408905029297,151.74554415419829,160.73540724393973,167.25949096679688,167.125,151.86405905125318,151.86405905125318
162.62,167.44332885742188,167.95192,189.96446934884835,167.56726761661338,161.51775550268985,170.90806579589844,151.84244984070122,168.80934288692092,166.33477783203125,166.32545,150.87659851638625,150.87659851638625
167.455,166.12205505371094,165.32324,190.4170303343506,169.4486363077408,159.67389408985403,170.40768432617188,152.07313889411432,169.85325723132684,164.5763702392578,165.0757,180.04204715796942,180.04204715796942
183.545,165.7876434326172,163.21378,191.67007032440085,174.42908861989753,163.25262325303822,171.50448608398438,180.731537747028,184.41961708128164,166.32415771484375,167.089,167.50363654771903,167.50363654771903
143.42499999999998,180.12548828125,175.54117,197.5369752570113,195.50210850447695,167.1199349171612,184.7751922607422,187.0194181133074,158.19213478032444,151.42430114746094,148.53372,158.51073620360208,158.51073620360208
142.89000000000001,132.38636779785156,133.91223,174.4873466993933,0.0,131.21966405813296,141.94830322265625,162.03850585404936,156.85448758984288,137.8041229248047,144.52988,161.00921969557783,161.00921969557783
142.615,135.79869079589844,138.19403,175.11996937940586,0.0,145.88721031914505,145.3717803955078,163.12231356277132,165.75964520954926,153.96185302734375,162.28665,153.8962814718833,153.8962814718833
143.555,161.42108154296875,163.14067,187.10782299295664,158.16582976434114,150.93086266367607,165.05825805664062,150.04814929380703,0.0,0.0,-1.6805658,0.0,0.0
0.0,0.0,-0.18781887,0.0,0.0,0.0,0.0,0.0,0.0,0.0,-0.3591446,0.0,0.0
0.0,0.0,-0.22599986,0.0,0.0,0.0,0.0,0.0,0.0,0.0,-0.4874703,0.0,0.0
0.0,0.0,-0.20769008,0.0,0.0,0.0,0.0,0.0,0.0,0.0,-0.3538495,0.0,0.0
0.0,0.0,-0.23775683,0.0,0.0,0.0,0.0,0.0,0.0,0.0,-0.36431107,0.0,0.0
0.0,0.0,-0.2365561,0.0,0.0,0.0,0.0,0.0,0.0,0.0,-0.46759924,0.0,0.0
0.0,0.0,-0.25407246,0.0,0.0,0.0,0.0,0.0,0.0,0.0,-0.36756545,0.0,0.0
0.0,0.0,-0.2381211,0.0,0.0,0.0,0.0,0.0,0.0,0.0,-0.32336965,0.0,0.0
0.0,0.0,-0.23617898,0.0,0.0,0.0,0.0,0.0,0.0,0.0,-1.0395895,0.0,0.0
0.0,0.0,-0.32825303,0.0,0.0,0.0,0.0,0.0,0.0,0.0,-0.577517,0.0,0.0
0.0,0.0,-0.41260827,0.0,0.0,0.0,0.0,0.0,0.0,0.0,-1.254015,0.0,0.0
0.0,0.0,-0.4915089,0.0,0.0,0.0,0.0,0.0,0.0,0.0,-0.96453184,0.0,0.0
0.0,0.0,-0.4638256,0.0,0.0,0.0,0.0,0.0,0.0,0.0,-0.6921528,0.0,0.0
0.0,0.0,-0.46648884,0.0,0.0,0.0,0.0,0.0,0.0,0.0,-1.118103,0.0,0.0
0.0,0.0,-0.55484307,0.0,0.0,0.0,0.0,0.0,0.0,0.0,-0.16758037,0.0,0.0
0.0,0.0,-0.44747832,0.0,0.0,0.0,0.0,0.0,0.0,0.0,0.023201887,0.0,0.0
0.0,0.0,-0.38395023,0.0,0.0,0.0,0.0,0.0,0.0,0.0,-0.4461449,0.0,0.0
0.0,0.0,-0.42902675,0.0,0.0,0.0,0.0,0.0,0.0,0.0,-0.1521446,0.0,0.0
0.0,0.0,-0.40347433,0.0,0.0,0.0,0.0,0.0,0.0,0.0,-0.28057307,0.0,0.0
0.0,0.0,-0.40370235,0.0,0.0,0.0,0.0,0.0,0.0,0.0,-0.050735604,0.0,0.0
0.0,0.0,-0.3555766,0.0,0.0,0.0,0.0,0.0,0.0,0.0,-0.42499256,0.0,0.0
0.0,0.0,-0.38648796,0.0,0.0,0.0,0.0,0.0,0.0,0.0,-0.23565215,0.0,0.0
0.0,0.0,-0.37809104,0.0,0.0,0.0,0.0,0.0,0.0,0.0,-0.29721722,0.0,0.0
0.0,0.0,-0.38241863,0.0,0.0,0.0,0.0,0.0,0.0,0.0,-0.30951577,0.0,0.0
0.0,0.0,-0.39255628,0.0,0.0,0.0,0.0,0.0,0.0,0.0,-0.19855629,0.0,0.0
0.0,0.0,-0.37518853,0.0,0.0,0.0,0.0,0.0,0.0,0.0,-0.16285685,0.0,0.0
0.0,0.0,-0.35223004,0.0,0.0,0.0,0.0,0.0,0.0,0.0,-0.36538032,0.0,0.0
0.0,0.0,-0.3708744,0.0,0.0,0.0,0.0,0.0,0.0,0.0,-0.7707466,0.0,0.0
0.0,0.0,-0.48972347,0.0,0.0,0.0,0.0,0.0,0.0,0.0,-0.5630726,0.0,0.0
0.0,0.0,-0.34649235,0.0,0.0,0.0,0.0,0.0,0.0,0.0,-0.41877314,0.0,0.0
0.0,0.0,-0.29997107,0.0,0.0,0.0,0.0,0.0,0.0,0.0,-0.29346672,0.0,0.0
0.0,0.0,-0.29804733,0.0,0.0,0.0,0.0,0.0,0.0,0.0,-0.4546967,0.0,0.0
0.0,0.0,-0.30777395,0.0,0.0,0.0,0.0,0.0,0.0,0.0,-0.4202569,0.0,0.0
0.0,0.0,-0.32077253,0.0,0.0,0.0,0.0,0.0,0.0,0.0,-0.45609093,0.0,0.0
0.0,0.0,-0.3140548,0.0,0.0,0.0,0.0,0.0,0.0,0.0,-0.42420965,0.0,0.0
0.0,0.0,-0.30187044,0.0,0.0,0.0,0.0,0.0,0.0,0.0,-0.4383067,0.0,0.0
0.0,0.0,-0.2868956,0.0,0.0,0.0,0.0,0.0,0.0,0.0,-0.7812198,0.0,0.0
0.0,0.0,-0.42149672,0.0,0.0,0.0,0.0,0.0,0.0,0.0,-0.16824327,0.0,0.0
0.0,0.0,-0.2972776,0.0,0.0,0.0,0.0,0.0,0.0,0.0,-0.53421193,0.0,0.0
0.0,0.0,-0.30397204,0.0,0.0,0.0,0.0,0.0,0.0,0.0,-0.46017715,0.0,0.0
0.0,0.0,-0.30944178,0.0,0.0,0.0,0.0,0.0,0.0,0.0,-0.51915085,0.0,0.0
0.0,0.0,-0.37142974,0.0,0.0,0.0,0.0,0.0,0.0,0.0,-0.45629323,0.0,0.0
0.0,0.0,-0.36265615,0.0,0.0,0.0,0.0,0.0,0.0,0.0,-0.44987065,0.0,0.0
0.0,0.0,-0.33148515,0.0,0.0,0.0,0.0,0.0,0.0,0.0,-0.34739447,0.0,0.0
0.0,0.0,-0.32774007,0.0,0.0,0.0,0.0,0.0,0.0,0.0,-0.4352354,0.0,0.0
0.0,0.0,-0.34126624,0.0,0.0,0.0,0.0,0.0,0.0,0.0,-0.3848332,0.0,0.0
0.0,0.0,-0.3161598,0.0,0.0,0.0,0.0,0.0,0.0,0.0,-0.39718685,0.0,0.0
0.0,0.0,-0.3297176,0.0,0.0,0.0,0.0,0.0,0.0,0.0,-0.22322986,0.0,0.0
0.0,0.0,-0.29500735,0.0,0.0,0.0,0.0,0.0,0.0,0.0,-0.32462382,0.0,0.0
0.0,0.0,-0.3117749,0.0,0.0,0.0,0.0,0.0,0.0,0.0,-0.46346337,0.0,0.0
0.0,0.0,-0.30733684,0.0,0.0,0.0,0.0,0.0,0.0,0.0,-0.42533717,0.0,0.0
0.0,0.0,-0.29964277,0.0,0.0,0.0,0.0,0.0,0.0,0.0,-0.061326463,0.0,0.0
0.0,0.0,-0.34154147,0.0,0.0,0.0,0.0,0.0,0.0,0.0,0.020806344,0.0,0.0
0.0,0.0,-0.33068162,0.0,0.0,0.0,0.0,0.0,0.0,0.0,-0.09834623,0.0,0.0
0.0,0.0,-0.3353506,0.0,0.0,0.0,0.0,0.0,0.0,0.0,-0.33353108,0.0,0.0
0.0,0.0,-0.49070525,0.0,0.0,0.0,0.0,0.0,0.0,0.0,-0.24650979,0.0,0.0
0.0,0.0,-0.28124604,0.0,0.0,0.0,0.0,0.0,0.0,0.0,-0.48458567,0.0,0.0
0.0,0.0,-0.30766323,0.0,0.0,0.0,0.0,0.0,0.0,0.0,-0.3868572,0.0,0.0
0.0,0.0,-0.30775928,0.0,0.0,0.0,0.0,0.0,0.0,0.0,-0.41505235,0.0,0.0
0.0,0.0,-0.30467445,0.0,0.0,0.0,0.0,0.0,0.0,0.0,-0.4029147,0.0,0.0
0.0,0.0,-0.32369584,0.0,0.0,0.0,0.0,0.0,0.0,0.0,-0.27692348,0.0,0.0
0.0,0.0,-0.29365164,0.0,0.0,0.0,0.0,0.0,0.0,0.0,-0.35486263,0.0,0.0
0.0,0.0,-0.31842452,0.0,0.0,0.0,0.0,0.0,0.0,0.0,-0.6813119,0.0,0.0
0.0,0.0,-0.38262057,0.0,0.0,0.0,0.0,0.0,0.0,0.0,-0.3360871,0.0,0.0
0.0,0.0,-0.35340852,0.0,0.0,0.0,0.0,0.0,0.0,0.0,-0.33966354,0.0,0.0
0.0,0.0,-0.35523367,0.0,0.0,0.0,0.0,0.0,0.0,0.0,-0.4064131,0.0,0.0
0.0,0.0,-0.3218555,0.0,0.0,0.0,0.0,0.0,0.0,0.0,-0.5119126,0.0,0.0
0.0,0.0,-0.32005143,0.0,0.0,0.0,0.0,0.0,0.0,0.0,-0.28539693,0.0,0.0
0.0,0.0,-0.29888022,0.0,0.0,0.0,0.0,0.0,0.0,0.0,-0.33567673,0.0,0.0
0.0,0.0,-0.30790094,0.0,0.0,0.0,0.0,0.0,0.0,0.0,-0.25348607,0.0,0.0
0.0,0.0,-0.29261592,0.0,0.0,0.0,0.0,0.0,0.0,0.0,-0.33074573,0.0,0.0
0.0,0.0,-0.29281202,0.0,0.0,0.0,0.0,0.0,0.0,0.0,-0.48208982,0.0,0.0
0.0,0.0,-0.32249534,0.0,0.0,0.0,0.0,0.0,0.0,0.0,-0.29657662,0.0,0.0
0.0,0.0,-0.29234955,0.0,0.0,0.0,0.0,0.0,0.0,0.0,0.31279936,0.0,0.0
0.0,0.0,-0.050762836,0.0,0.0,0.0,0.0,0.0,155.6117104974195,151.94554138183594,160.51822,179.6227674268572,179.6227674268572
135.06,159.97154235839844,163.44554,189.37564479594909,165.360137396065,168.0760769811899,170.7874755859375,177.2973745355204,175.11123783719432,171.20407104492188,174.23962,178.52738722107722,178.52738722107722
134.06,159.9207763671875,164.1861,188.80718750584708,163.34864170433536,168.020993020963,169.75184631347656,178.88407897635042,0.0,0.0,0.87508714,0.0,0.0
0.0,0.0,-0.26988998,0.0,0.0,0.0,0.0,0.0,0.0,0.0,-0.12244992,0.0,0.0
0.0,0.0,-0.1602426,0.0,0.0,0.0,0.0,0.0,0.0,0.0,-0.16855451,0.0,0.0
0.0,0.0,-0.20150663,0.0,0.0,0.0,0.0,0.0,0.0,0.0,0.05078474,0.0,0.0
0.0,0.0,-0.10766444,0.0,0.0,0.0,0.0,0.0,155.4940367164172,151.68911743164062,160.41963,181.50845387780976,181.50845387780976
134.725,156.40576171875,160.93932,187.37282816104897,159.1212268161703,167.33233812916637,166.60316467285156,178.7594115926042,175.05653578129133,170.28048706054688,173.17776,179.1876431383226,179.1876431383226
136.5,156.22314453125,161.43907,186.76987331094392,157.16354711182953,167.2772898182893,165.54571533203125,181.04479481743167,174.95019184492966,170.34414672851562,174.05788,180.3676901604531,180.3676901604531
141.525,160.4175262451172,163.50603,189.94445360265877,167.28461682656587,168.0760769811899,172.00936889648438,179.3492459504616,0.0,0.0,0.36626342,0.0,0.0
0.0,0.0,-0.27472743,0.0,0.0,0.0,0.0,0.0,0.0,0.0,-0.49519378,0.0,0.0
0.0,0.0,-0.29257813,0.0,0.0,0.0,0.0,0.0,0.0,0.0,-0.48671857,0.0,0.0
0.0,0.0,-0.27513176,0.0,0.0,0.0,0.0,0.0,0.0,0.0,-0.6447473,0.0,0.0
0.0,0.0,-0.3102577,0.0,0.0,0.0,0.0,0.0,0.0,0.0,-0.22062017,0.0,0.0
0.0,0.0,-0.27706963,0.0,0.0,0.0,0.0,0.0,0.0,0.0,-0.5253932,0.0,0.0
0.0,0.0,-0.29663756,0.0,0.0,0.0,0.0,0.0,0.0,0.0,-0.41903242,0.0,0.0
0.0,0.0,-0.3159602,0.0,0.0,0.0,0.0,0.0,0.0,0.0,-0.20608835,0.0,0.0
0.0,0.0,-0.27785647,0.0,0.0,0.0,0.0,0.0,0.0,0.0,-0.29065108,0.0,0.0
0.0,0.0,-0.23893227,0.0,0.0,0.0,0.0,0.0,0.0,0.0,-0.44995806,0.0,0.0
0.0,0.0,-0.2878436,0.0,0.0,0.0,0.0,0.0,0.0,0.0,0.07960922,0.0,0.0
0.0,0.0,-0.2667811,0.0,0.0,0.0,0.0,0.0,0.0,0.0,0.006312912,0.0,0.0
0.0,0.0,-0.269336,0.0,0.0,0.0,0.0,0.0,0.0,0.0,0.015920598,0.0,0.0
0.0,0.0,-0.22686261,0.0,0.0,0.0,0.0,0.0,0.0,0.0,-0.3377576,0.0,0.0
0.0,0.0,-0.26543257,0.0,0.0,0.0,0.0,0.0,0.0,0.0,-0.30204442,0.0,0.0
0.0,0.0,-0.2697206,0.0,0.0,0.0,0.0,0.0,0.0,0.0,-0.24654329,0.0,0.0
0.0,0.0,-0.21569863,0.0,0.0,0.0,0.0,0.0,0.0,0.0,-0.459194,0.0,0.0
0.0,0.0,-0.32159266,0.0,0.0,0.0,0.0,0.0,0.0,0.0,-0.2827733,0.0,0.0
0.0,0.0,-0.31995928,0.0,0.0,0.0,0.0,0.0,0.0,0.0,0.13920352,0.0,0.0
0.0,0.0,-0.28446582,0.0,0.0,0.0,0.0,0.0,0.0,0.0,0.091409154,0.0,0.0
0.0,0.0,-0.29209948,0.0,0.0,0.0,0.0,0.0,0.0,0.0,0.714351,0.0,0.0
0.0,0.0,0.19718784,0.0,0.0,0.0,0.0,0.0,0.0,0.0,-0.2388518,0.0,0.0
0.0,0.0,-0.0960411,0.0,0.0,0.0,0.0,0.0,0.0,0.0,0.25012583,0.0,0.0
0.0,0.0,0.39235938,0.0,0.0,0.0,0.0,0.0,151.87162693911694,159.02490234375,169.87544,179.52875479370954,179.52875479370954
179.04,187.55130004882812,185.71632,195.95200977462662,186.53038528908013,179.82135553032506,200.6566619873047,184.57725365551332,189.73304246079695,177.02828979492188,186.43477,197.61946667132798,197.61946667132798
149.93,200.68617248535156,195.20581,201.88040899738587,207.269069497918,196.13127265273243,213.81787109375,208.64194098519494,183.8351948981265,162.2917022705078,172.45724,193.62361319345058,193.62361319345058
153.685,164.06597900390625,158.48419,165.79741643030667,208.93867460176222,177.6798554623652,175.50283813476562,195.19204002446625,181.4707989403454,154.10719299316406,153.65778,193.03278988548436,193.03278988548436
164.245,165.2992401123047,161.21362,157.22333366416882,232.39646520210255,173.45090320714738,175.21090698242188,196.76723954795295,190.03567516995972,165.95065307617188,167.20277,189.36650316610448,189.36650316610448
177.30499999999998,188.61849975585938,176.33417,173.13715873233917,250.0,185.0651238145263,199.8337860107422,186.16718020993451,185.95689866228318,173.7080535888672,167.06046,182.0152167547397,182.0152167547397
174.17499999999998,178.3046112060547,164.43048,184.63029691387106,181.755048017631,178.58504370456953,192.9161834716797,180.4976230206552,180.44564223130416,172.7145233154297,166.12804,174.3202046437754,174.3202046437754
181.88,189.44505310058594,174.35056,185.5374600836264,218.1939504987982,183.10050813910766,202.2651824951172,188.01230852494555,172.88456466644828,176.58645629882812,169.54726,182.9140971005778,182.9140971005778
183.345,192.21878051757812,179.10449,174.24027302309122,250.0,185.60666730079615,203.04820251464844,188.73004472523115,184.7919238862255,177.36619567871094,170.85416,182.85416794589992,182.85416794589992
187.32500000000002,191.23008728027344,177.1284,179.9154049078739,249.9600506988374,186.2353356556667,202.9280242919922,187.57560855577017,174.8276176028608,175.8844451904297,168.46768,181.419885339355,181.419885339355
143.73,181.74732971191406,171.31038,170.92426717484813,249.92997634136646,181.82798425753495,194.07550048828125,183.89731098410223,182.22906131887996,161.65133666992188,153.54309,184.46892287649985,184.46892287649985
162.255,151.2666778564453,148.87564,158.1873842260635,186.5273341096285,167.6262047734847,160.07749938964844,188.30353244624504,188.86503959294097,149.23715209960938,149.36446,190.44463599706475,190.44463599706475
160.32,154.74729919433594,150.1352,167.68695995750107,173.8898902302633,173.92125053414992,165.87924194335938,194.1893381931056,0.0,0.0,-5.099158,0.0,0.0
0.0,0.0,0.2559563,0.0,0.0,0.0,0.0,0.0,0.0,0.0,0.015900152,0.0,0.0
0.0,0.0,0.19364157,0.0,0.0,0.0,0.0,0.0,0.0,0.0,1.1806415,0.0,0.0
0.0,0.0,0.32315454,0.0,0.0,0.0,0.0,0.0,0.0,0.0,2.1079068,0.0,0.0
0.0,0.0,0.47622442,0.0,0.0,0.0,0.0,0.0,0.0,0.0,2.213604,0.0,0.0
0.0,0.0,0.51952237,0.0,0.0,0.0,0.0,0.0,0.0,0.0,2.0555205,0.0,0.0
0.0,0.0,0.45898277,0.0,0.0,0.0,0.0,0.0,0.0,0.0,2.1101632,0.0,0.0
0.0,0.0,0.50056124,0.0,0.0,0.0,0.0,0.0,0.0,0.0,2.0945394,0.0,0.0
0.0,0.0,0.4856061,0.0,0.0,0.0,0.0,0.0,0.0,0.0,2.0932145,0.0,0.0
0.0,0.0,0.4629246,0.0,0.0,0.0,0.0,0.0,0.0,0.0,1.946654,0.0,0.0
0.0,0.0,0.37937966,0.0,0.0,0.0,0.0,0.0,0.0,0.0,2.0795488,0.0,0.0
0.0,0.0,0.45923445,0.0,0.0,0.0,0.0,0.0,0.0,0.0,2.0166876,0.0,0.0
0.0,0.0,0.44184035,0.0,0.0,0.0,0.0,0.0,0.0,0.0,2.1231422,0.0,0.0
0.0,0.0,0.43831104,0.0,0.0,0.0,0.0,0.0,0.0,0.0,2.2336974,0.0,0.0
0.0,0.0,0.6129848,0.0,0.0,0.0,0.0,0.0,0.0,0.0,2.1813552,0.0,0.0
0.0,0.0,0.2045117,0.0,0.0,0.0,0.0,0.0,0.0,0.0,1.4088778,0.0,0.0
0.0,0.0,0.1969422,0.0,0.0,0.0,0.0,0.0,0.0,0.0,1.5067346,0.0,0.0
0.0,0.0,0.220741,0.0,0.0,0.0,0.0,0.0,0.0,0.0,1.4489173,0.0,0.0
0.0,0.0,0.20060119,0.0,0.0,0.0,0.0,0.0,0.0,0.0,1.4993844,0.0,0.0
0.0,0.0,0.23097263,0.0,0.0,0.0,0.0,0.0,0.0,0.0,1.6064657,0.0,0.0
0.0,0.0,0.30280077,0.0,0.0,0.0,0.0,0.0,0.0,0.0,1.4908489,0.0,0.0
0.0,0.0,0.31956676,0.0,0.0,0.0,0.0,0.0,0.0,0.0,1.4331837,0.0,0.0
0.0,0.0,0.3035507,0.0,0.0,0.0,0.0,0.0,0.0,0.0,1.4447536,0.0,0.0
0.0,0.0,0.30439878,0.0,0.0,0.0,0.0,0.0,0.0,0.0,1.2111138,0.0,0.0
0.0,0.0,0.16737086,0.0,0.0,0.0,0.0,0.0,153.83464433473546,161.14581298828125,168.63878,184.23065235988884,184.23065235988884
156.04999999999998,178.27333068847656,181.94151,164.13220885827195,250.0,198.97624375856816,192.240478515625,185.22404986162758,182.88783784852126,182.46115112304688,180.85448,190.78614915462867,190.78614915462867
205.535,194.90664672851562,191.15422,180.38925730137464,250.0,177.3126297506141,211.1828155517578,194.25652783485327,180.03889500230034,182.40760803222656,180.41994,187.1940379118814,187.1940379118814
205.69500000000002,190.5695037841797,187.43082,180.10663857407957,250.0,161.16395268758222,206.77488708496094,184.02162081634455,186.12388913819433,180.67129516601562,179.96999,191.3233202033272,191.3233202033272
225.28,195.62684631347656,194.66557,193.0828237953532,216.4801931206968,187.71332230569544,213.21817016601562,190.6294994234787,192.80995651034567,188.01617431640625,185.85616,191.768365716496,191.768365716496
230.55499999999998,199.48117065429688,198.72722,194.6806119589234,217.96403885277874,191.63505158171117,217.30690002441406,189.65708817210594,191.0670382879277,187.0018768310547,184.9875,188.893408059869,188.893408059869
225.45000000000002,191.39846801757812,190.08461,191.46009265806293,216.48404281348945,186.16261522994154,208.65472412109375,189.5654973926531,185.68964068133485,183.65440368652344,181.83603,184.24761451542503,184.24761451542503
203.51999999999998,185.9573974609375,187.49284,187.55156311487076,193.89948712802055,188.34103210501925,200.62229919433594,185.9806839106606,182.62627956581358,183.8956298828125,181.57343,185.1843434388237,185.1843434388237
223.67,183.2118682861328,186.78944,185.2278718503897,178.8925190625675,191.0412879820365,196.0034637451172,187.34975190002834,185.03657642099586,185.3654327392578,182.79492,189.4775760363108,189.4775760363108
227.265,186.9434356689453,190.41887,187.01575600961104,182.4267150844126,200.55391377829767,200.56265258789062,188.51042171106218,184.91377748746294,186.7633514404297,183.904,190.02099295475276,190.02099295475276
219.835,187.43617248535156,191.33777,187.00471272534475,180.3741870350247,205.25115781837107,201.06004333496094,190.1801935553282,196.53950660788934,192.79441833496094,200.59422,197.20047300029216,197.20047300029216
191.10500000000002,212.31272888183594,211.01434,196.88352074721217,196.40003748509145,214.17405587940638,229.57940673828125,203.34566577660658,195.85084072331338,209.02365112304688,205.05684,196.15823743602576,196.15823743602576
230.23000000000002,220.09764099121094,217.47995,200.64918467562785,207.06639486493378,227.8003153718034,237.126953125,206.94329659724258,197.7921820703754,210.52682495117188,206.16222,196.9426821936347,196.9426821936347
232.715,217.5245361328125,216.17064,198.89879917708765,197.00930475713557,223.14230873845273,234.52870178222656,206.2854546511941,196.00962522600273,210.67369079589844,206.63864,197.17239586151624,197.17239586151624
227.94000000000003,220.33946228027344,217.66513,200.67786905339835,206.69399657490868,227.8003153718034,237.33802795410156,206.75959232374026,197.53400944781797,210.4494171142578,206.42699,197.62834035450257,197.62834035450257
228.365,219.66122436523438,216.562,200.6772679674723,210.06259699320725,223.41835757727074,236.75816345214844,208.31374424345023,195.96949934312312,207.94407653808594,204.3396,196.4915935477714,196.4915935477714
239.08,212.72715759277344,209.49147,198.02885279678912,210.05010147415447,205.13614239104325,230.12277221679688,203.83569198627,183.05052408031577,198.46322631835938,184.31027,183.3398119196993,183.3398119196993
229.69000000000003,182.1244659423828,185.34543,184.902269686183,180.2166996092838,189.7275077175966,194.95562744140625,187.19117981021404,188.54504025395514,184.5335235595703,182.6035,188.91509895686022,188.91509895686022
213.65,189.37396240234375,190.72772,189.21711708678248,197.56372323783108,187.22968311487872,204.62466430664062,186.85466289668818,189.3319597250056,185.85089111328125,183.6593,189.5423313532802,189.5423313532802
218.24,190.30984497070312,191.72148,189.65325638938975,198.07448061976305,187.4586293300937,205.755126953125,187.2113716060236,201.81746319226042,204.23712158203125,195.10388,200.02717650359358,200.02717650359358
239.20000000000002,217.834228515625,216.16264,207.85724459034867,213.37999212260218,204.08206027359435,208.60626220703125,200.08203646444377,203.91342480288338,218.00045776367188,215.06714,193.09664551093496,193.09664551093496
238.635,218.64039611816406,218.4472,209.83960890185904,213.51188035954107,210.17818627427707,216.1107177734375,202.98206235441037,193.17505407531857,202.02244567871094,207.60788,186.06010845515092,186.06010845515092
222.85,189.95651245117188,196.66501,191.6957683608136,190.8677598237901,195.3635174181405,206.34927368164062,190.08077995221177,193.87188138024368,192.99046325683594,193.68849,190.8307433128519,190.8307433128519
200.03,191.7471923828125,198.09428,192.86952662204249,195.62406815311095,192.99673681290116,208.7530517578125,191.5505559909528,214.73220344514436,200.30563354492188,213.05872,205.68364934826644,205.68364934826644
238.125,226.07965087890625,229.27934,205.88453939368526,206.78005256616888,225.1847411894511,246.3444366455078,215.85293785576255,229.4289567792557,219.93487548828125,220.59998,206.18988105088005,206.18988105088005
243.36,229.5587615966797,232.67133,207.26597029498964,207.61512090377136,225.04923584933937,249.32115173339844,216.56368302573506,209.04450893184924,218.28952026367188,213.06013,193.66695957877056,193.66695957877056
210.67999999999998,194.38853454589844,195.11082,148.82921581831488,250.0,199.2417978767719,207.98178100585938,194.71101028878144,0.0,0.0,7.1348486,0.0,0.0
0.0,0.0,-0.39502698,0.0,0.0,0.0,0.0,0.0,0.0,0.0,-0.67453086,0.0,0.0
0.0,0.0,-0.47148874,0.0,0.0,0.0,0.0,0.0,0.0,0.0,-0.6637111,0.0,0.0
0.0,0.0,-0.44006008,0.0,0.0,0.0,0.0,0.0,0.0,0.0,-0.4143468,0.0,0.0
0.0,0.0,-0.34133977,0.0,0.0,0.0,0.0,0.0,0.0,0.0,-0.7075469,0.0,0.0
0.0,0.0,-0.34882352,0.0,0.0,0.0,0.0,0.0,0.0,0.0,-1.0198404,0.0,0.0
0.0,0.0,-0.48470354,0.0,0.0,0.0,0.0,0.0,0.0,0.0,-0.73141843,0.0,0.0
0.0,0.0,-0.5472766,0.0,0.0,0.0,0.0,0.0,0.0,0.0,-0.47246665,0.0,0.0
0.0,0.0,-0.49324912,0.0,0.0,0.0,0.0,0.0,0.0,0.0,-0.63780713,0.0,0.0
0.0,0.0,-0.517255,0.0,0.0,0.0,0.0,0.0,0.0,0.0,-0.83544034,0.0,0.0
0.0,0.0,-0.5680978,0.0,0.0,0.0,0.0,0.0,0.0,0.0,-0.2577186,0.0,0.0
0.0,0.0,-0.2583237,0.0,0.0,0.0,0.0,0.0,0.0,0.0,-1.0608149,0.0,0.0
0.0,0.0,-0.73588634,0.0,0.0,0.0,0.0,0.0,0.0,0.0,0.27937144,0.0,0.0
0.0,0.0,-0.46473098,0.0,0.0,0.0,0.0,0.0,0.0,0.0,-0.29075104,0.0,0.0
0.0,0.0,-0.33863077,0.0,0.0,0.0,0.0,0.0,164.20389382435667,188.02590942382812,190.54799,190.9469827291492,190.9469827291492
142.345,211.53863525390625,215.04755,170.5468926839938,153.37547985551026,209.38387459934253,214.3666229248047,194.96062586024408,201.49389574665722,213.76531982421875,215.26338,186.6850210738638,186.6850210738638
198.85500000000002,211.2130126953125,212.31178,180.60835813819563,168.97762982538512,197.57748661658974,214.21188354492188,188.34951591593656,196.4670161607387,212.7151641845703,214.23212,183.24333129569152,183.24333129569152
205.28,211.74884033203125,212.82039,180.68075000047025,169.07525705873672,197.5397353329325,214.74404907226562,189.72941684787267,200.90028375783382,212.78140258789062,213.55313,187.55814477322266,187.55814477322266
189.875,205.3286590576172,209.72145,171.52763925107251,156.19727721876103,208.47120138729127,208.2759552001953,189.56104728683755,199.16899294324523,211.29481506347656,212.57109,184.42700297127092,184.42700297127092
175.41,201.9756317138672,206.00842,175.6420610379363,162.07973634099534,202.08618632542937,204.92739868164062,186.19536993786636,192.2818169343855,209.4776611328125,211.43929,180.74102704785975,180.74102704785975
183.015,204.16102600097656,205.89749,184.0475796564088,173.71583049530278,178.4168786030923,207.7472381591797,182.20507718329992,233.88351805416585,209.6681671142578,211.80646,204.99632092385065,204.99632092385065
237.93499999999997,226.0137176513672,225.6621,212.65568442049806,220.22241595705532,222.16749833367544,225.490966796875,211.93799700962995,211.24853622817207,224.67294311523438,222.59369,205.10591621080266,205.10591621080266
234.24,226.0726776123047,226.79353,212.07152271900185,216.12291690228312,229.96088314681307,225.62942504882812,213.19313418200665,213.9864804302854,224.24774169921875,222.52274,204.04237915084738,204.04237915084738
233.115,222.88824462890625,223.28473,211.10652223184456,214.7316179360376,220.8637325050938,221.62994384765625,212.98344134002062,209.54725116861357,222.72991943359375,221.23903,205.4307970509498,205.4307970509498
236.30999999999997,222.70559692382812,222.91484,211.09609914668204,215.12387016309935,215.83985198293004,221.34481811523438,211.8714553660227,207.75342111054735,223.86277770996094,221.73271,206.36828578266642,206.36828578266642
224.17499999999998,224.42698669433594,226.29616,210.89720882700328,210.93396802281342,226.2852877774702,223.64901733398438,216.02131358360026,188.35022228095937,228.04164123535156,222.69951,204.62599969644097,204.62599969644097
150.835,208.23704528808594,218.45773,203.03745209846608,181.4358704800449,214.64776071397068,210.66122436523438,207.30797404630295,206.1719365958169,227.6783447265625,225.33287,212.5634409816265,212.5634409816265
201.795,223.7963409423828,230.49918,210.77097252595138,205.29006443484792,222.6212430073214,228.16078186035156,222.7074716513096,215.91748487600643,231.8676300048828,229.15343,225.02521146196332,225.02521146196332
235.44500000000002,232.13601684570312,236.04239,215.15653244319577,220.8589813683206,227.4348859551323,236.01808166503906,229.4928231235025,226.38433304474404,234.20970153808594,230.88216,229.95468068890784,229.95468068890784
235.545,235.72799682617188,239.84662,216.24606663478147,223.2001161680351,230.49102674552665,238.5799102783203,232.38613103760505,230.66989858442346,235.97698974609375,232.31589,232.30721607271093,232.30721607271093
234.69000000000003,236.5546112060547,240.75604,216.53345308670225,223.8945252499227,230.49102674552665,239.2325897216797,232.38613103760505,232.32332028575578,236.7624053955078,232.9217,232.26340961214058,232.26340961214058
235.82500000000002,238.08604431152344,242.3372,217.079916387877,225.38597534398338,232.72731638267229,240.3416290283203,232.42015160437552,227.16679089592105,235.62042236328125,232.12268,228.57016009861775,228.57016009861775
235.43499999999997,232.81607055664062,236.6789,215.39556449854763,221.4798227203476,227.7998695458555,236.4470977783203,229.73994415165967,214.45795084297376,231.45481872558594,229.055,217.86824341661122,217.86824341661122
234.67,226.58746337890625,229.92436,213.43892113552846,217.5647921779552,230.81259649989806,231.8019561767578,222.04288428693087,207.8167400068231,228.95767211914062,226.9364,212.62845734328795,212.62845734328795
234.245,227.00994873046875,230.41411,213.53736171096273,217.6066755163322,230.8887613583683,232.1995391845703,222.59460796521356,208.6525110032729,229.20693969726562,227.12024,212.51781064856914,212.51781064856914
234.965,227.090087890625,230.42386,213.59708255512152,217.8491483774921,231.1006457021357,232.27786254882812,222.2621572619978,208.6525110032729,229.0074005126953,227.05302,211.39637905973996,211.39637905973996
235.42,226.83514404296875,229.92116,213.52080628754328,217.86831825872986,230.81259649989806,231.9703369140625,222.04288428693087,213.11877487960209,230.17108154296875,227.72664,218.52957545387076,218.52957545387076
235.10500000000002,230.62823486328125,234.17148,214.7120766128259,220.0342531877592,227.9220002212067,234.9918975830078,227.04080708641095,227.83922436247948,234.68557739257812,231.41283,226.27198722431947,226.27198722431947
234.505,241.2604217529297,244.23282,218.82576571551152,232.03028514928997,233.16396107726445,243.25186157226562,231.9809719735693,211.95610292863796,213.15565490722656,219.06163,207.90969532306755,207.90969532306755
230.995,192.16290283203125,202.68709,195.23425432375552,193.1675170315678,208.23344408124922,211.27392578125,197.85356272663935,200.6906404665946,196.72154235839844,199.68864,196.77139021655614,196.77139021655614
225.205,195.65367126464844,205.19301,197.20678702706311,200.51871055343253,210.20850796949713,215.66671752929688,199.05147257107419,200.22767468626498,196.65167236328125,199.6705,194.96991524251786,194.96991524251786
213.405,193.64141845703125,203.29167,196.362255808251,199.4238833263368,205.53533321806663,212.9063720703125,196.5211380625855,197.69803916124064,196.1803436279297,199.43132,193.1591779237599,193.1591779237599
220.21,195.64825439453125,204.13667,197.80992730197545,207.3428232884142,197.9660964703282,215.3549041748047,194.124894888508,193.7919586474863,195.17337036132812,198.24646,190.74538747351332,190.74538747351332
208.64499999999998,189.82183837890625,200.0533,194.46544352731655,193.99193454530933,196.88980541153185,208.09234619140625,193.6467109104506,194.4236237763396,195.5261688232422,198.49706,196.1717404369416,196.1717404369416
208.83,193.19662475585938,204.0926,195.6328500466139,192.84939258875016,210.87254434897747,212.8581085205078,199.73170223274695,0.0,0.0,1.6629808,0.0,0.0
0.0,0.0,-0.37868294,0.0,0.0,0.0,0.0,0.0,0.0,0.0,-0.28262305,0.0,0.0
0.0,0.0,-0.5484205,0.0,0.0,0.0,0.0,0.0,0.0,0.0,-0.51787674,0.0,0.0
0.0,0.0,-0.5033695,0.0,0.0,0.0,0.0,0.0,0.0,0.0,-0.92839724,0.0,0.0
0.0,0.0,-0.0066155004,0.0,0.0,0.0,0.0,0.0,0.0,0.0,-1.4308623,0.0,0.0
0.0,0.0,-0.22818896,0.0,0.0,0.0,0.0,0.0,0.0,0.0,-0.9466701,0.0,0.0
0.0,0.0,-0.4920483,0.0,0.0,0.0,0.0,0.0,0.0,0.0,-1.393576,0.0,0.0
0.0,0.0,-0.028558364,0.0,0.0,0.0,0.0,0.0,0.0,0.0,-1.2730732,0.0,0.0
0.0,0.0,-0.06376919,0.0,0.0,0.0,0.0,0.0,0.0,0.0,-1.1939145,0.0,0.0
0.0,0.0,-0.082723275,0.0,0.0,0.0,0.0,0.0,0.0,0.0,-1.4146019,0.0,0.0
0.0,0.0,-0.22559766,0.0,0.0,0.0,0.0,0.0,0.0,0.0,-1.4290581,0.0,0.0
0.0,0.0,-0.115093745,0.0,0.0,0.0,0.0,0.0,0.0,0.0,-0.11965063,0.0,0.0
0.0,0.0,-0.14425492,0.0,0.0,0.0,0.0,0.0,0.0,0.0,-0.66633505,0.0,0.0
0.0,0.0,-0.3220369,0.0,0.0,0.0,0.0,0.0,0.0,0.0,-0.49557498,0.0,0.0
0.0,0.0,-0.35118407,0.0,0.0,0.0,0.0,0.0,0.0,0.0,-0.5358301,0.0,0.0
0.0,0.0,-0.46518025,0.0,0.0,0.0,0.0,0.0,0.0,0.0,-0.55049646,0.0,0.0
0.0,0.0,-0.6450392,0.0,0.0,0.0,0.0,0.0,0.0,0.0,-0.24291363,0.0,0.0
0.0,0.0,-0.58396447,0.0,0.0,0.0,0.0,0.0,0.0,0.0,-0.16719446,0.0,0.0
0.0,0.0,-0.42095953,0.0,0.0,0.0,0.0,0.0,0.0,0.0,-0.51791006,0.0,0.0
0.0,0.0,-0.40417027,0.0,0.0,0.0,0.0,0.0,164.72518733828588,164.66661071777344,176.50375,194.8426230189173,194.8426230189173
159.17,187.827880859375,194.51178,153.14492503218582,250.0,212.05530655022594,198.5624542236328,196.21548476142462,206.99441714614832,187.62928771972656,189.98296,198.39251367299036,198.39251367299036
199.47,193.99929809570312,197.49843,157.22001000716017,250.0,210.42042169533738,204.7587127685547,195.87702667038968,205.20202978910578,188.57058715820312,191.09882,198.39932115668148,198.39932115668148
211.48000000000002,200.7471466064453,201.7808,160.9971176405188,250.0,210.4204662112454,211.57838439941406,195.97886159488982,200.81094444102806,188.57504272460938,190.91248,198.1478149706761,198.1478149706761
208.985,198.5550079345703,198.97356,160.4743112157289,250.0,205.38080675242952,209.05960083007812,194.3045380567047,203.08455103358497,187.9617156982422,190.46794,199.51153827912,199.51153827912
209.69500000000002,199.9261016845703,200.54834,160.78092839610986,250.0,208.630728164402,210.52200317382812,195.22388591949274,199.6373809222374,188.8319549560547,191.2064,196.89233637223467,196.89233637223467
216.94000000000003,202.15142822265625,201.68024,162.21149524716577,250.0,205.38080675242952,212.64283752441406,193.87535684710883,204.50609552136154,190.11199951171875,192.4572,198.04545624214052,198.04545624214052
219.17499999999998,206.5878143310547,206.42357,163.80838525018873,250.0,211.38347870858868,217.53268432617188,195.53910292789152,208.57369280778747,194.6927947998047,197.1585,197.57918386890228,197.57918386890228
229.54,222.895263671875,219.54013,171.23027450118798,250.0,209.36759872071013,233.84825134277344,195.93077301392114,207.91506448135397,196.9650421142578,198.44089,197.62711051184846,197.62711051184846
229.455,211.5108184814453,212.82874,164.97261276659958,250.0,209.36763059499825,222.58575439453125,196.05919183978483,208.49797752703287,196.33810424804688,198.12024,197.8549782498059,197.8549782498059
229.94000000000003,214.4835968017578,215.07256,166.4403486362267,250.0,209.36763059499825,225.49517822265625,196.5500112508923,209.107779567288,194.85877990722656,196.66977,198.04054574089406,198.04054574089406
228.46,207.09011840820312,207.49452,163.6306121299467,250.0,212.05530655022594,218.07223510742188,196.22740233969333,208.10476589251124,193.05825805664062,195.3647,197.95917167052968,197.95917167052968
228.905,212.3784942626953,210.70287,166.75163054865044,250.0,212.05530655022594,223.48477172851562,196.21548476142462,208.92987594778742,193.98458862304688,196.04788,197.96267913580743,197.96267913580743
228.32000000000002,213.15402221679688,211.82518,166.68332845192032,250.0,209.36759872071013,224.0486602783203,196.27036444675835,203.2299139137469,191.57545471191406,193.8409,200.37735831802834,200.37735831802834
222.005,202.42868041992188,201.11185,162.7130476425654,250.0,205.38080675242952,212.74349975585938,196.1210180719493,201.63830878587692,187.2252960205078,189.71558,202.8596339390863,202.8596339390863
224.505,196.90208435058594,197.04742,161.47476559588222,250.0,205.38400477751318,207.08497619628906,196.975234781029,216.96158822986348,191.12852478027344,202.72705,215.02114036445872,215.02114036445872
229.07000000000002,220.70989990234375,214.15022,172.58566824386196,250.0,219.81863542981375,232.98907470703125,220.5437640149749,216.45478034693775,203.8343963623047,205.75613,214.61150655621358,214.61150655621358
228.73000000000002,220.6624755859375,214.14734,171.86748496222395,250.0,219.00500535218657,232.81837463378906,220.2463071178602,215.94852859514927,203.0745391845703,205.06561,214.15098830793127,214.15098830793127
232.57500000000002,217.58929443359375,211.18385,175.47451645045464,250.0,213.96582796758244,230.7069091796875,218.65431566842037,226.5959148517297,225.8928985595703,215.73004,219.9185245781972,219.9185245781972
234.67499999999998,242.6083221435547,241.4179,190.5198793739362,250.0,229.4263674417525,247.28005981445312,225.7285473330898,205.69510875471929,214.84872436523438,221.4205,196.83159473684407,196.83159473684407
232.67999999999998,206.9646453857422,203.03174,173.79970066469826,250.0,202.64665138962425,221.58566284179688,196.7489182516331,206.2325027362877,200.55369567871094,202.36398,210.14862246759296,210.14862246759296
220.32500000000002,216.24859619140625,210.21289,174.78980754860254,250.0,212.9480876525015,229.49734497070312,218.50186650092965,205.96686242257775,197.94798278808594,199.2197,199.18267903100892,199.18267903100892
217.045,206.29957580566406,201.02812,165.64326288207587,250.0,207.72527022413723,217.67837524414062,203.56837503764262,206.86339827599733,192.13287353515625,192.42659,208.11637905686484,208.11637905686484
216.4,208.88954162597656,202.04597,169.43562068219148,250.0,212.65802049005467,220.0350341796875,208.6733876311642,208.4865739145071,192.23678588867188,192.47586,207.84698269560658,207.84698269560658
223.84,209.2454376220703,202.27524,170.10217318884202,250.0,211.05213504805235,220.25408935546875,208.68374350833113,208.41274347097496,191.9150390625,192.17944,209.07927991085185,209.07927991085185
222.69500000000002,208.90496826171875,201.63373,171.77754755702682,250.0,209.18585944492136,220.1969451904297,208.50573752654472,210.6510369455473,192.4134979248047,192.66837,212.60346165224922,212.60346165224922
233.165,212.75259399414062,204.39462,173.07230943053383,250.0,213.00911340565634,223.13723754882812,217.43678164676567,211.73459890209892,191.54800415039062,191.48836,209.04330986377903,209.04330986377903
227.005,205.69940185546875,198.06848,176.27271129336276,250.0,200.7869611256055,218.1831512451172,207.7364758840552,205.2762573920876,190.48048400878906,190.55551,209.56070950933534,209.56070950933534
232.415,208.55474853515625,200.12477,176.47486833407834,250.0,204.76086841082451,220.29159545898438,214.83495812533232,193.66922462502953,188.81646728515625,188.13948,196.70299110231454,196.70299110231454
191.125,194.41046142578125,189.76259,172.88345361211054,250.0,193.78126051302894,209.07135009765625,193.9881092084984,191.27422576916297,188.01597595214844,187.82805,191.1522861184376,191.1522861184376
200.9,199.94009399414062,195.20775,169.0500250891597,250.0,204.26676612441318,213.12115478515625,199.68551251753857,193.82169088638767,189.06069946289062,188.96928,193.44788417328454,193.44788417328454
203.775,199.7993621826172,194.27571,172.47880089356636,250.0,197.54794552189736,213.0937957763672,198.38352695375187,194.68111217563472,189.26296997070312,189.32306,199.3338401981916,199.3338401981916
215.64499999999998,203.77813720703125,197.26582,173.31057270066333,250.0,204.80677993129473,216.4718475341797,203.98423549616118,198.35856589872347,191.37257385253906,191.30298,199.94479821687528,199.94479821687528
212.275,208.50633239746094,203.64198,161.1982452122043,250.0,211.93609084418702,218.76541137695312,204.2589179734647,206.54719618589792,193.04864501953125,193.40051,203.75866789958104,203.75866789958104
220.205,208.463134765625,202.57343,166.51721423265747,250.0,212.40641013079338,219.41917419433594,205.56668337017345,206.96767021157615,193.06854248046875,193.35544,209.0485538405712,209.0485538405712
224.655,211.3614044189453,204.93779,165.53757122472632,250.0,213.58225988565172,221.33038330078125,209.8106974241577,208.3861170029805,187.12103271484375,178.23874,204.58534178503655,204.58534178503655
223.61,179.75457763671875,181.47798,155.1995249518253,250.0,199.01394068071974,191.9279022216797,199.6775482928667,210.12283442408142,197.30255126953125,187.3633,215.1675368735663,215.1675368735663
222.14499999999998,217.9674072265625,217.15509,177.21430432297666,126.53229472377315,216.22092410404946,221.18019104003906,221.000863019649,217.99132616300548,209.8086700439453,209.51915,220.29798095327013,220.29798095327013
226.095,223.3102569580078,222.9293,173.44004331428215,0.0,215.70963163855234,226.56146240234375,222.28799700130025,220.7712337921472,209.8025360107422,209.7571,222.59694610866148,222.59694610866148
225.505,218.4225311279297,217.17488,178.93018075328445,131.0331379181979,216.54414003645908,221.66583251953125,221.96627101399966,206.87459802270098,205.60325622558594,205.53087,205.25952624348568,205.25952624348568
220.04999999999998,208.3257598876953,207.33188,185.05986303086144,151.93388824490341,199.35411042382384,211.6963653564453,202.15883697572062,194.37477885749624,203.01876831054688,202.42151,192.56656069641423,192.56656069641423
176.755,201.42694091796875,204.06865,174.9318566942202,129.1645857116532,203.6795953763666,204.91664123535156,195.2891489380548,201.87191509421723,203.47413635253906,204.06705,201.5277988414974,201.5277988414974
210.94000000000003,210.88095092773438,210.45723,180.77172706736462,139.75836699086904,209.0999901723957,214.1964874267578,205.80525939822041,205.61166504649398,205.13824462890625,205.185,207.42353339998192,207.42353339998192
211.285,212.5214080810547,211.76794,180.7537154611133,139.0232571770709,211.96818866919253,215.72251892089844,209.75233804797693,197.85408934213157,203.5218048095703,203.46031,196.58386248418486,196.58386248418486
186.07500000000002,203.23387145996094,203.55388,183.2622046127122,148.8004064643697,193.22987425119908,206.62158203125,192.06468267277432,192.19700595020623,201.455322265625,201.34097,187.0944043974072,187.0944043974072
