plant_id,model_name,method,forecast_stage,unit_id,MAE,RMSE,MAPE,OCV_min,OCV_max,OCV_total,OCV_min_severity,OCV_max_severity
TEC22,LSTM_custom,independent,raw,B1,4.047197685484671,9.923089316227633,1.9988742973864382,0,0,0,0.0,0.0
TEC22,LSTM_custom,independent,raw,B2,0.6829282918553443,4.184963885386324,0.3754832252469879,0,0,0,0.0,0.0
TEC22,LSTM_custom,independent,raw,B3,6.298474552616193,11.916486973645847,3.142350594974815,0,0,0,0.0,0.0
TEC22,LSTM_custom,independent,raw,B4,12.087521998624727,21.700481831502366,4.19608844732434,0,0,0,0.0,0.0
TEC22,LSTM_custom,bottom_up,hierarchical_reconciled,B1,4.047197685484671,9.923089316227633,1.9988742973864382,0,0,0,0.0,0.0
TEC22,LSTM_custom,bottom_up,hierarchical_reconciled,B2,0.6829282918553443,4.184963885386324,0.3754832252469879,0,0,0,0.0,0.0
TEC22,LSTM_custom,bottom_up,hierarchical_reconciled,B3,6.298474552616193,11.916486973645847,3.142350594974815,0,0,0,0.0,0.0
TEC22,LSTM_custom,bottom_up,hierarchical_reconciled,B4,12.087521998624727,21.700481831502366,4.19608844732434,0,0,0,0.0,0.0
TEC22,LSTM_custom,top_down,hierarchical_reconciled,B1,22.591258856323947,39.55930041932121,10.268030473461788,0,3,3,0.0,90.05732272372603
TEC22,LSTM_custom,top_down,hierarchical_reconciled,B2,5.474743189111537,26.22472790180406,2.7434968886185347,14,0,14,693.0943613810227,0.0
TEC22,LSTM_custom,top_down,hierarchical_reconciled,B3,53.38142454710709,76.0688527652413,24.86909800475785,149,0,149,2891.2735312890813,0.0
TEC22,LSTM_custom,top_down,hierarchical_reconciled,B4,88.77559730143973,122.81483246931587,36.618941497268395,0,138,138,0.0,15510.824927989663
TEC22,LSTM_custom,ols,hierarchical_reconciled,B1,4.902013923013249,9.604571777510309,10184142679.563192,41,136,177,35.16619873047488,284.6158813476364
TEC22,LSTM_custom,ols,hierarchical_reconciled,B2,2.131237287582151,4.679643603792585,14700380459.320187,108,176,284,128.94596252438865,332.64598388675773
TEC22,LSTM_custom,ols,hierarchical_reconciled,B3,7.307730775092075,12.209095981643422,8681982638.909187,24,106,130,33.17556152343607,239.43869323731096
TEC22,LSTM_custom,ols,hierarchical_reconciled,B4,12.262619487071426,21.848196452984293,629120654.806146,15,4,19,12.736514282226011,7.01787414550796
TEC22,LSTM_custom,wls,hierarchical_reconciled,B1,4.463290533311136,9.711362196925185,5083492885.563047,41,136,177,17.553477661140104,142.06819888421546
TEC22,LSTM_custom,wls,hierarchical_reconciled,B2,1.0273171805178727,4.218253104954737,3495557719.14234,108,176,284,30.661659122685805,79.09885324666072
TEC22,LSTM_custom,wls,hierarchical_reconciled,B3,6.5816088452380255,11.96783637325396,2592765543.602397,24,106,130,9.907466567527372,71.50537140249767
TEC22,LSTM_custom,wls,hierarchical_reconciled,B4,12.269573533558644,21.85361118717967,642988072.5801612,15,4,19,13.017259421260874,7.172565924517954
TEC22,LSTM_custom,mint,hierarchical_reconciled,B1,4.053155119884101,9.919293137950056,73767789.77237754,41,136,177,0.2547227358129083,2.061585800297118
TEC22,LSTM_custom,mint,hierarchical_reconciled,B2,0.7005568539830824,4.184786485008116,173717848.76213104,176,108,284,3.9309557161885493,1.5237847231488533
TEC22,LSTM_custom,mint,hierarchical_reconciled,B3,6.967196834406243,12.077776568593128,5889256964.66598,24,106,130,22.504007995791884,162.41866059470763
TEC22,LSTM_custom,mint,hierarchical_reconciled,B4,12.144884612945296,21.69449501004945,222380279.29844445,4,15,19,2.4806637354234446,4.502076902568323
TEC22,LSTM_mae,independent,raw,B1,6.639656815051465,11.126372449163929,6557093432.750896,46,147,193,34.244260754436255,171.6484729461372
TEC22,LSTM_mae,independent,raw,B2,1.187080752587261,4.742549122013558,3257990104.6225424,228,72,300,91.03256231267005,11.26832695871417
TEC22,LSTM_mae,independent,raw,B3,6.383867260063436,11.613489980912762,1145188067.8339436,139,7,146,35.5749940071255,0.3839112240821123
TEC22,LSTM_mae,independent,raw,B4,12.070680760834863,21.25142408378155,3043728566.197519,4,31,35,8.719230845570564,86.85384600423276
TEC22,LSTM_mae,bottom_up,hierarchical_reconciled,B1,6.639656815051465,11.126372449163929,6557093432.750896,46,147,193,34.244260754436255,171.6484729461372
TEC22,LSTM_mae,bottom_up,hierarchical_reconciled,B2,1.187080752587261,4.742549122013558,3257990104.6225424,228,72,300,91.03256231267005,11.26832695871417
TEC22,LSTM_mae,bottom_up,hierarchical_reconciled,B3,6.383867260063436,11.613489980912762,1145188067.8339436,139,7,146,35.5749940071255,0.3839112240821123
TEC22,LSTM_mae,bottom_up,hierarchical_reconciled,B4,12.070680760834863,21.25142408378155,3043728566.197519,4,31,35,8.719230845570564,86.85384600423276
TEC22,LSTM_mae,top_down,hierarchical_reconciled,B1,23.106937257334913,39.45697696390059,987345426.5907629,1,32,33,0.2704879779510432,235.42371300102124
TEC22,LSTM_mae,top_down,hierarchical_reconciled,B2,5.50896120285807,26.18127700303705,438307836.6430889,15,15,30,690.1960282309142,13.642789466519792
TEC22,LSTM_mae,top_down,hierarchical_reconciled,B3,52.71612525828589,75.28993821756961,653497034.2174613,150,15,165,2833.4078400592284,20.34077748619837
TEC22,LSTM_mae,top_down,hierarchical_reconciled,B4,90.14999774328733,124.6602328859116,2779656772.60642,1,156,157,0.7615001978778624,15820.484744293093
TEC22,LSTM_mae,ols,hierarchical_reconciled,B1,6.631111136537338,10.209396453496337,15098825297.515005,50,143,193,35.85627133437282,438.246842931644
TEC22,LSTM_mae,ols,hierarchical_reconciled,B2,2.6087015246111647,4.962597707733069,18623434127.27663,56,244,300,50.57656755744009,534.1992640269148
TEC22,LSTM_mae,ols,hierarchical_reconciled,B3,6.985928249527102,11.39381569876052,8513028722.730955,22,126,148,4.053146703447146,264.1925627879719
TEC22,LSTM_mae,ols,hierarchical_reconciled,B4,13.0412756951799,22.047231049773103,5545180503.349246,0,35,35,0.0,174.11866766717358
TEC22,LSTM_mae,wls,hierarchical_reconciled,B1,6.601178606855564,10.585226980795499,10673684025.205477,52,141,193,31.185293027013685,303.9683852828275
TEC22,LSTM_mae,wls,hierarchical_reconciled,B2,1.3855098546880595,4.653162053328589,5599766411.644298,101,199,300,40.173939152970654,135.6587261594044
TEC22,LSTM_mae,wls,hierarchical_reconciled,B3,6.446104843103118,11.4806284109512,2410476816.6380215,47,99,146,9.80495709890193,65.88401484565881
TEC22,LSTM_mae,wls,hierarchical_reconciled,B4,12.986060694714608,22.007603293711416,5415584916.806683,0,35,35,0.0,170.0493662502835
TEC22,LSTM_mae,mint,hierarchical_reconciled,B1,6.609802993263776,10.856229657845805,8359025948.195047,49,144,193,30.9487499922715,231.52466469613856
TEC22,LSTM_mae,mint,hierarchical_reconciled,B2,1.172045881027418,4.6988519455702695,3220729639.852651,189,111,300,62.728102909639304,38.40280776813097
TEC22,LSTM_mae,mint,hierarchical_reconciled,B3,6.509475426600058,11.451583773358914,3195677303.7014904,40,106,146,8.242906824038872,92.10136041452267
TEC22,LSTM_mae,mint,hierarchical_reconciled,B4,12.117447973738813,21.295989850539563,3147538388.15423,3,32,35,7.089163295822677,91.74354196296139
TEC22,Linear,independent,raw,B1,12.960819124209289,23.31169004874697,5.909719800155045,0,0,0,0.0,0.0
TEC22,Linear,independent,raw,B2,0.9285574032645352,5.763724063482702,0.5175104114861461,0,0,0,0.0,0.0
TEC22,Linear,independent,raw,B3,13.382545558923848,20.674415622676012,6.284806731177691,0,0,0,0.0,0.0
TEC22,Linear,independent,raw,B4,26.210396864015095,36.20701814048574,9.23025720311457,0,0,0,0.0,0.0
TEC22,Linear,bottom_up,hierarchical_reconciled,B1,12.960819124209289,23.31169004874697,5.909719800155045,0,0,0,0.0,0.0
TEC22,Linear,bottom_up,hierarchical_reconciled,B2,0.9285574032645352,5.763724063482702,0.5175104114861461,0,0,0,0.0,0.0
TEC22,Linear,bottom_up,hierarchical_reconciled,B3,13.382545558923848,20.674415622676012,6.284806731177691,0,0,0,0.0,0.0
TEC22,Linear,bottom_up,hierarchical_reconciled,B4,26.210396864015095,36.20701814048574,9.23025720311457,0,0,0,0.0,0.0
TEC22,Linear,top_down,hierarchical_reconciled,B1,20.726866155631576,36.07366155180916,9.429394577652998,0,9,9,0.0,90.9706178563863
TEC22,Linear,top_down,hierarchical_reconciled,B2,5.307567268447843,25.441469442404696,2.6585042092500664,14,0,14,640.6011222926228,0.0
TEC22,Linear,top_down,hierarchical_reconciled,B3,50.982166593712826,72.77256712918727,23.748620385144296,134,0,134,2225.212616488794,0.0
TEC22,Linear,top_down,hierarchical_reconciled,B4,99.56764844830155,137.15457294636911,40.53679599675921,0,144,144,0.0,18815.126830802627
TEC22,Linear,ols,hierarchical_reconciled,B1,10.874626990217045,16.986482113927103,16156548163.21453,79,98,177,234.97297826393984,272.34263392840717
TEC22,Linear,ols,hierarchical_reconciled,B2,6.370754278882633,11.13172564610878,47879682803.10962,96,188,284,301.948473288858,1201.4735667020063
TEC22,Linear,ols,hierarchical_reconciled,B3,10.725406231848666,15.110658224882382,11561734014.519478,65,65,130,203.9174581125675,159.12098979997387
TEC22,Linear,ols,hierarchical_reconciled,B4,30.60208964321105,41.10782616004901,781108662.6087873,9,95,104,12.17019636635682,1105.2980473273906
TEC22,Linear,wls,hierarchical_reconciled,B1,9.52169739464486,13.548382993660272,27730483745.206863,79,98,177,403.29866809822283,467.43852140449036
TEC22,Linear,wls,hierarchical_reconciled,B2,1.7737436680410392,6.2628458490301995,7636254161.731197,96,188,284,48.157279887044226,191.6211007737093
TEC22,Linear,wls,hierarchical_reconciled,B3,12.553399031978763,18.82742550509327,3467148601.9331417,65,65,130,61.15104603020382,47.71741988984452
TEC22,Linear,wls,hierarchical_reconciled,B4,29.16208406598993,39.427115141244506,530433691.82210934,9,95,104,8.264512303960132,747.4893587494363
TEC22,Linear,mint,hierarchical_reconciled,B1,9.478730134276407,12.133260260969822,44924374946.76801,79,98,177,653.3582590458318,757.2671142106909
TEC22,Linear,mint,hierarchical_reconciled,B2,2.9156965582299077,5.814606223014354,21888678170.03204,188,96,284,549.2657154697937,138.03877905638313
TEC22,Linear,mint,hierarchical_reconciled,B3,11.494880557693191,16.60794156603672,8025644118.458253,65,65,130,141.55047555230624,110.45474960807634
TEC22,Linear,mint,hierarchical_reconciled,B4,21.749586768246324,32.121392874871766,895989280.8253644,10,9,19,14.173949728630916,13.96011346457071
TEC22,Polynomial (d=2),independent,raw,B1,28.62734803201608,65.0712283903417,13.003934315071966,22,0,22,2750.0,0.0
TEC22,Polynomial (d=2),independent,raw,B2,2.305812101910828,11.614536819239833,1.2222120706808874,0,0,0,0.0,0.0
TEC22,Polynomial (d=2),independent,raw,B3,11.11700236975235,17.56257656968287,5.343764109642468,0,0,0,0.0,0.0
TEC22,Polynomial (d=2),independent,raw,B4,33.49223029228605,58.95496242380386,13.472923202967896,18,0,18,2022.2528349999995,0.0
TEC22,Polynomial (d=2),bottom_up,hierarchical_reconciled,B1,28.62734803201608,65.0712283903417,13.003934315071966,22,0,22,2750.0,0.0
TEC22,Polynomial (d=2),bottom_up,hierarchical_reconciled,B2,2.305812101910828,11.614536819239833,1.2222120706808874,0,0,0,0.0,0.0
TEC22,Polynomial (d=2),bottom_up,hierarchical_reconciled,B3,11.11700236975235,17.56257656968287,5.343764109642468,0,0,0,0.0,0.0
TEC22,Polynomial (d=2),bottom_up,hierarchical_reconciled,B4,33.49223029228605,58.95496242380386,13.472923202967896,18,0,18,2022.2528349999995,0.0
TEC22,Polynomial (d=2),top_down,hierarchical_reconciled,B1,22.600927508163903,43.72495841084249,10.21413823004664,14,11,25,553.3703270922697,107.64887072305245
TEC22,Polynomial (d=2),top_down,hierarchical_reconciled,B2,7.148918924100121,34.19193183579327,3.6148525089750456,14,0,14,1218.7855421674383,0.0
TEC22,Polynomial (d=2),top_down,hierarchical_reconciled,B3,50.97248840805198,74.78215714146017,23.63857733273217,108,0,108,2557.4460513658505,0.0
TEC22,Polynomial (d=2),top_down,hierarchical_reconciled,B4,104.86359779996421,143.06561020831214,41.36193534387323,3,148,151,337.002835,20029.505119027657
TEC22,Polynomial (d=2),ols,hierarchical_reconciled,B1,28.36688971087948,62.74005147491953,48414285342.70219,124,83,207,2746.903860237227,1502.622324516189
TEC22,Polynomial (d=2),ols,hierarchical_reconciled,B2,15.561425623594157,23.5574646960417,132452238256.62622,116,179,295,266.4733116239602,3970.2693341846057
TEC22,Polynomial (d=2),ols,hierarchical_reconciled,B3,21.425458198955017,31.415270932486834,18187529826.799084,95,109,204,200.31681318489217,2352.2182719745997
TEC22,Polynomial (d=2),ols,hierarchical_reconciled,B4,30.060818771201962,57.49689371137675,1986716747.5442703,25,21,46,2043.8390752839637,83.77638186216207
TEC22,Polynomial (d=2),wls,hierarchical_reconciled,B1,28.185182635170168,63.56410837154034,14147708798.1655,124,79,203,2749.0952405178655,431.92522030107
TEC22,Polynomial (d=2),wls,hierarchical_reconciled,B2,2.8194607106382885,11.481203890479623,5426477930.670842,116,179,295,10.91722996427875,162.6592287133211
TEC22,Polynomial (d=2),wls,hierarchical_reconciled,B3,11.677199136868149,18.128767128277868,1738177662.4029245,95,87,182,19.14422752675197,191.38355584061696
TEC22,Polynomial (d=2),wls,hierarchical_reconciled,B4,32.94963747476757,61.411511957740295,3320627114.896575,25,24,49,2058.3323893869992,428.00250287890515
TEC22,Polynomial (d=2),mint,hierarchical_reconciled,B1,28.527452901231623,64.7167496877829,2840977324.7097554,124,79,203,2749.8183167890083,86.73416804545852
TEC22,Polynomial (d=2),mint,hierarchical_reconciled,B2,2.9524043656998833,11.458770009360217,6830970803.413696,116,179,295,13.742851274136989,204.7590456450227
TEC22,Polynomial (d=2),mint,hierarchical_reconciled,B3,14.84421289073685,21.819475216492837,7894339960.70434,95,101,196,86.94798236220626,954.9912259483169
TEC22,Polynomial (d=2),mint,hierarchical_reconciled,B4,30.020602670170103,57.40670347252275,1924399306.2042274,25,20,45,2043.1619786258282,69.17415473579464
TEC22,Boosting,independent,raw,B1,4.050054802768844,8.669144779380671,1.9608395692146154,0,0,0,0.0,0.0
TEC22,Boosting,independent,raw,B2,0.9115075144122147,5.642353812773844,0.507032345599096,0,0,0,0.0,0.0
TEC22,Boosting,independent,raw,B3,6.40408553651338,11.877265080647982,3.2109425189024523,0,0,0,0.0,0.0
TEC22,Boosting,independent,raw,B4,14.473551226753113,23.77920904144658,4.907165032335898,0,0,0,0.0,0.0
TEC22,Boosting,bottom_up,hierarchical_reconciled,B1,4.050054802768844,8.669144779380671,1.9608395692146154,0,0,0,0.0,0.0
TEC22,Boosting,bottom_up,hierarchical_reconciled,B2,0.9115075144122147,5.642353812773844,0.507032345599096,0,0,0,0.0,0.0
TEC22,Boosting,bottom_up,hierarchical_reconciled,B3,6.40408553651338,11.877265080647982,3.2109425189024523,0,0,0,0.0,0.0
TEC22,Boosting,bottom_up,hierarchical_reconciled,B4,14.473551226753113,23.77920904144658,4.907165032335898,0,0,0,0.0,0.0
TEC22,Boosting,top_down,hierarchical_reconciled,B1,27.58729329362438,47.24207658536226,12.57113461732732,1,19,20,0.1656408960863871,184.60660438254465
TEC22,Boosting,top_down,hierarchical_reconciled,B2,5.688074702448699,27.214419641379834,2.853242231943682,14,0,14,760.0804565688916,0.0
TEC22,Boosting,top_down,hierarchical_reconciled,B3,56.421342658157194,80.82572727097306,26.322083444080135,149,0,149,4006.108157611193,0.0
TEC22,Boosting,top_down,hierarchical_reconciled,B4,70.54379094426308,100.39948096403783,29.546771575509567,0,101,101,0.0,11393.588808803179
TEC22,Boosting,ols,hierarchical_reconciled,B1,7.203182113341239,10.407515586656821,19615111184.332664,158,19,177,597.0593376588815,18.855153452678856
TEC22,Boosting,ols,hierarchical_reconciled,B2,6.419804053178282,8.689901799597676,57568322381.175674,257,27,284,1749.7489923816127,57.89633037587003
TEC22,Boosting,ols,hierarchical_reconciled,B3,9.02138635553937,13.629439373686417,13695493152.825218,111,19,130,411.18333142954873,18.85515345268151
TEC22,Boosting,ols,hierarchical_reconciled,B4,16.09636245903529,23.70315883083733,1783021609.3495781,11,8,19,16.94570142438232,39.041176923185745
TEC22,Boosting,wls,hierarchical_reconciled,B1,4.42294552902592,8.429011108417136,4210568923.234884,158,19,177,128.1644273138312,4.047436815330553
TEC22,Boosting,wls,hierarchical_reconciled,B2,2.0336130915726343,5.472647186759075,11938981330.093048,257,27,284,362.8770074866391,12.0070062635956
TEC22,Boosting,wls,hierarchical_reconciled,B3,6.586638737035757,11.824947567085843,3506308301.833812,111,19,130,105.27080051715126,4.827280062489992
TEC22,Boosting,wls,hierarchical_reconciled,B4,15.150179200960084,23.387170199846288,960512985.1179057,11,8,19,9.128642152994267,21.03146541049857
TEC22,Boosting,mint,hierarchical_reconciled,B1,4.155502612204677,8.54872593882767,1422425413.9817464,158,19,177,43.29684224105813,1.367315697083916
TEC22,Boosting,mint,hierarchical_reconciled,B2,1.3248657498124556,5.51929496378922,4454255788.062225,257,27,284,135.3839968543626,4.479634875409476
TEC22,Boosting,mint,hierarchical_reconciled,B3,6.542146035406741,11.809584106004651,2994364722.528529,111,19,130,89.90058608581231,4.122466103476654
TEC22,Boosting,mint,hierarchical_reconciled,B4,14.871501222646542,24.54732622061901,689792210.0258788,8,11,19,15.10374269636793,6.55573254430594
TEC22,MLP,independent,raw,B1,8.640853835184863,16.66746907985915,3.959618844399187,0,0,0,0.0,0.0
TEC22,MLP,independent,raw,B2,0.6967497088195411,4.046921391032683,0.36524319039149916,0,0,0,0.0,0.0
TEC22,MLP,independent,raw,B3,6.947354250379431,12.676455753321436,3.5402246745721504,0,0,0,0.0,0.0
TEC22,MLP,independent,raw,B4,13.605887995719918,23.114254837805245,4.806389592898378,0,0,0,0.0,0.0
TEC22,MLP,bottom_up,hierarchical_reconciled,B1,8.640853835184863,16.66746907985915,3.959618844399187,0,0,0,0.0,0.0
TEC22,MLP,bottom_up,hierarchical_reconciled,B2,0.6967497088195411,4.046921391032683,0.36524319039149916,0,0,0,0.0,0.0
TEC22,MLP,bottom_up,hierarchical_reconciled,B3,6.947354250379431,12.676455753321436,3.5402246745721504,0,0,0,0.0,0.0
TEC22,MLP,bottom_up,hierarchical_reconciled,B4,13.605887995719918,23.114254837805245,4.806389592898378,0,0,0,0.0,0.0
TEC22,MLP,top_down,hierarchical_reconciled,B1,25.424426328122195,45.40806174981929,11.556093284797706,13,3,16,12.09295810766963,100.66358087053243
TEC22,MLP,top_down,hierarchical_reconciled,B2,5.346528324590455,25.621615438654846,2.678486221037077,14,0,14,652.8348939214031,0.0
TEC22,MLP,top_down,hierarchical_reconciled,B3,55.01746461515919,78.98313015110777,25.598905564645786,149,0,149,3384.671151408643,0.0
TEC22,MLP,top_down,hierarchical_reconciled,B4,80.25875978111723,112.03193109256307,32.644050396645554,0,131,131,0.0,13444.60623023643
TEC22,MLP,ols,hierarchical_reconciled,B1,10.798685677886768,19.568076945393017,7262921963.559882,57,120,177,81.09164428711975,146.96410522459388
TEC22,MLP,ols,hierarchical_reconciled,B2,3.33041651634648,5.585955274670185,26781426108.152424,161,123,284,691.2448669433197,149.69191284182034
TEC22,MLP,ols,hierarchical_reconciled,B3,7.094166413325432,12.484897291326545,4639559803.836863,26,104,130,25.708709716795145,119.97346801758421
TEC22,MLP,ols,hierarchical_reconciled,B4,14.964851502362405,23.55800113183047,1801257776.7175782,16,3,19,53.83168640136667,2.7278076171875796
TEC22,MLP,wls,hierarchical_reconciled,B1,9.245874830219256,17.4615086754405,2095087156.8464894,57,120,177,23.39197131651801,42.393765278702304
TEC22,MLP,wls,hierarchical_reconciled,B2,1.4085329931393569,4.158251888189069,7238034583.665206,161,123,284,186.81806683213262,40.456219083654446
TEC22,MLP,wls,hierarchical_reconciled,B3,6.8962086078725715,12.518623758621727,1098898114.3226943,26,104,130,6.089209699949641,28.41619098105561
TEC22,MLP,wls,hierarchical_reconciled,B4,14.940647725304965,23.546118644244,1773370273.2405112,16,3,19,52.998251362228444,2.6855750474839795
TEC22,MLP,mint,hierarchical_reconciled,B1,8.927797645989896,17.04054224334984,997384856.6487157,57,120,177,11.13595576847538,20.18192860339491
TEC22,MLP,mint,hierarchical_reconciled,B2,1.7780092751129717,4.380910416915543,10635964639.698591,123,161,284,59.448585201164775,274.5207044736552
TEC22,MLP,mint,hierarchical_reconciled,B3,6.892366651551209,12.478006928194208,1500984426.4132302,26,104,130,8.317248721700226,38.81366215962332
TEC22,MLP,mint,hierarchical_reconciled,B4,13.425795476863259,23.130903162620815,781151230.6454232,3,16,19,1.1829679784902751,23.345180517754393
TEC22,RandomForest,independent,raw,B1,5.017680094664669,9.58231052972517,2.3482255279703907,0,0,0,0.0,0.0
TEC22,RandomForest,independent,raw,B2,0.8945438627376218,5.156714603398281,0.48927482390749244,0,0,0,0.0,0.0
TEC22,RandomForest,independent,raw,B3,7.629227276246,13.38336468730331,3.7311994079337927,0,0,0,0.0,0.0
TEC22,RandomForest,independent,raw,B4,15.89075801193243,24.845809941495318,5.618300497248871,0,0,0,0.0,0.0
TEC22,RandomForest,bottom_up,hierarchical_reconciled,B1,5.017680094664669,9.58231052972517,2.3482255279703907,0,0,0,0.0,0.0
TEC22,RandomForest,bottom_up,hierarchical_reconciled,B2,0.8945438627376218,5.156714603398281,0.48927482390749244,0,0,0,0.0,0.0
TEC22,RandomForest,bottom_up,hierarchical_reconciled,B3,7.629227276246,13.38336468730331,3.7311994079337927,0,0,0,0.0,0.0
TEC22,RandomForest,bottom_up,hierarchical_reconciled,B4,15.89075801193243,24.845809941495318,5.618300497248871,0,0,0,0.0,0.0
TEC22,RandomForest,top_down,hierarchical_reconciled,B1,26.94335729483997,46.14822592691559,12.301433009351559,0,11,11,0.0,171.4555537347929
TEC22,RandomForest,top_down,hierarchical_reconciled,B2,5.394173427008756,25.843123219779986,2.7028223610108046,14,0,14,667.7954560807492,0.0
TEC22,RandomForest,top_down,hierarchical_reconciled,B3,55.51587815343699,79.5959698580886,25.89498157108486,149,0,149,3704.5109710609945,0.0
TEC22,RandomForest,top_down,hierarchical_reconciled,B4,74.28046849496909,107.34754825000013,30.92978302575295,0,123,123,0.0,12579.039230371875
TEC22,RandomForest,ols,hierarchical_reconciled,B1,7.400491566694692,11.673316558404196,14252302542.415863,160,17,177,418.6724367951898,28.849862950823866
TEC22,RandomForest,ols,hierarchical_reconciled,B2,5.286798263903995,8.22486131054881,43679634825.445114,255,29,284,1311.689698748503,59.85083475458066
TEC22,RandomForest,ols,hierarchical_reconciled,B3,10.684663019436863,15.316215039136349,14120176400.766,125,5,130,438.44118804207994,4.932350802624768
TEC22,RandomForest,ols,hierarchical_reconciled,B4,14.766530941283554,23.094674257089427,1441588836.8829381,7,12,19,14.264917508312038,31.0009718037483
TEC22,RandomForest,wls,hierarchical_reconciled,B1,5.43360523055251,9.720695194341323,2800582114.7236733,160,17,177,82.26927081766047,5.669007509361546
TEC22,RandomForest,wls,hierarchical_reconciled,B2,1.6962890512464412,5.325853871033991,7994281100.971666,255,29,284,240.06647973194313,10.953946823138612
TEC22,RandomForest,wls,hierarchical_reconciled,B3,8.422177025105892,13.663182225475333,3871430747.266473,125,5,130,120.21058709895719,1.3523382426943436
TEC22,RandomForest,wls,hierarchical_reconciled,B4,15.194716746574178,23.825934251394443,687907449.9622126,7,12,19,6.807033139309695,14.793260619696902
TEC22,RandomForest,mint,hierarchical_reconciled,B1,5.075249149361152,9.570277842936433,919610855.1258686,17,160,177,1.8614990102221156,27.014281767347857
TEC22,RandomForest,mint,hierarchical_reconciled,B2,1.96255098640001,5.4334639366495,10649205366.791122,255,29,284,319.793263721538,14.591784780253079
TEC22,RandomForest,mint,hierarchical_reconciled,B3,8.775508189449381,13.8470743259001,5545058754.554331,125,5,130,172.1778877349351,1.9369570330652701
TEC22,RandomForest,mint,hierarchical_reconciled,B4,15.952106148494448,24.924134905101006,45481763.903465495,12,7,19,0.9780727172505594,0.450054492389079
TEC22,Boosting_custom_with_window,independent,raw,B1,2.8671509640309116,6.673947449936847,1.3983521730391342,0,0,0,0.0,0.0
TEC22,Boosting_custom_with_window,independent,raw,B2,0.8158561342464262,4.754339420335649,0.4466079603034683,0,0,0,0.0,0.0
TEC22,Boosting_custom_with_window,independent,raw,B3,6.9608609373485635,12.650125074928111,3.4283166573336437,0,0,0,0.0,0.0
TEC22,Boosting_custom_with_window,independent,raw,B4,15.032305194401696,22.01748986743901,5.131691174931385,0,0,0,0.0,0.0
TEC22,Boosting_custom_with_window,bottom_up,hierarchical_reconciled,B1,2.8671509640309116,6.673947449936847,1.3983521730391342,0,0,0,0.0,0.0
TEC22,Boosting_custom_with_window,bottom_up,hierarchical_reconciled,B2,0.8158561342464262,4.754339420335649,0.4466079603034683,0,0,0,0.0,0.0
TEC22,Boosting_custom_with_window,bottom_up,hierarchical_reconciled,B3,6.9608609373485635,12.650125074928111,3.4283166573336437,0,0,0,0.0,0.0
TEC22,Boosting_custom_with_window,bottom_up,hierarchical_reconciled,B4,15.032305194401696,22.01748986743901,5.131691174931385,0,0,0,0.0,0.0
TEC22,Boosting_custom_with_window,top_down,hierarchical_reconciled,B1,25.478207633999084,42.60468611712973,11.640109978930285,2,19,21,4.729424634328922,339.0699659010685
TEC22,Boosting_custom_with_window,top_down,hierarchical_reconciled,B2,5.60640712130916,26.819239267546934,2.8126029714421614,14,0,14,734.4368360910767,0.0
TEC22,Boosting_custom_with_window,top_down,hierarchical_reconciled,B3,54.12663954886785,77.36752579309248,25.300505681024276,149,0,149,3387.806468638254,0.0
TEC22,Boosting_custom_with_window,top_down,hierarchical_reconciled,B4,78.65370971981643,113.76343036846951,33.30724534176952,0,112,112,0.0,14121.36838401304
TEC22,Boosting_custom_with_window,ols,hierarchical_reconciled,B1,4.889937601246195,7.276487642520584,19340965313.468056,141,36,177,514.2614239771804,93.04488682139737
TEC22,Boosting_custom_with_window,ols,hierarchical_reconciled,B2,4.319827527859224,6.2749666070203824,36966944232.67955,195,89,284,890.2753528210719,270.4866960744607
TEC22,Boosting_custom_with_window,ols,hierarchical_reconciled,B3,8.640081443648134,13.268306186852852,14637633228.1632,98,32,130,379.7374977769458,79.88418547827905
TEC22,Boosting_custom_with_window,ols,hierarchical_reconciled,B4,13.612887097430784,19.61918655354127,3223546504.8710995,2,17,19,6.68195674078801,94.53740336947448
TEC22,Boosting_custom_with_window,wls,hierarchical_reconciled,B1,3.919354660533589,6.487587394468654,11193043558.310772,141,36,177,297.6144378198361,53.847129868706574
TEC22,Boosting_custom_with_window,wls,hierarchical_reconciled,B2,2.3239314951561,4.748689170270652,16158533201.951387,195,89,284,389.1461451798475,118.2317973492452
TEC22,Boosting_custom_with_window,wls,hierarchical_reconciled,B3,7.580899962545837,12.621988406383855,5973752387.23242,98,32,130,154.97435601432608,32.60146883754884
TEC22,Boosting_custom_with_window,wls,hierarchical_reconciled,B4,13.295295195153495,18.853208716857253,5008247482.059931,2,17,19,10.38138987283537,146.87758092672524
TEC22,Boosting_custom_with_window,mint,hierarchical_reconciled,B1,5.667684261314311,8.180083614432695,25053768891.157005,141,36,177,666.1604866825419,120.52785645267448
TEC22,Boosting_custom_with_window,mint,hierarchical_reconciled,B2,3.61477192001984,5.590978836596594,29616317422.939312,195,89,284,713.250120890023,216.7022461791095
TEC22,Boosting_custom_with_window,mint,hierarchical_reconciled,B3,8.426666948407957,13.094042616993153,13067043687.584873,98,32,130,338.9924037436002,71.31276793815081
TEC22,Boosting_custom_with_window,mint,hierarchical_reconciled,B4,13.33665606541528,19.010224260495274,4540435060.133681,2,17,19,9.411680775724207,133.157979974347
TEC22,LSTM_custom_with_window,independent,raw,B1,3.9248725181628195,7.957047942352687,1.8674749576298717,0,0,0,0.0,0.0
TEC22,LSTM_custom_with_window,independent,raw,B2,0.6387240172951089,3.5645482520619862,0.34209982652619986,0,0,0,0.0,0.0
TEC22,LSTM_custom_with_window,independent,raw,B3,6.530820131727086,12.002805002065882,3.202590830525613,0,0,0,0.0,0.0
TEC22,LSTM_custom_with_window,independent,raw,B4,11.2961393199735,18.97678102651032,3.853056388120974,0,0,0,0.0,0.0
TEC22,LSTM_custom_with_window,bottom_up,hierarchical_reconciled,B1,3.9248725181628195,7.957047942352687,1.8674749576298717,0,0,0,0.0,0.0
TEC22,LSTM_custom_with_window,bottom_up,hierarchical_reconciled,B2,0.6387240172951089,3.5645482520619862,0.34209982652619986,0,0,0,0.0,0.0
TEC22,LSTM_custom_with_window,bottom_up,hierarchical_reconciled,B3,6.530820131727086,12.002805002065882,3.202590830525613,0,0,0,0.0,0.0
TEC22,LSTM_custom_with_window,bottom_up,hierarchical_reconciled,B4,11.2961393199735,18.97678102651032,3.853056388120974,0,0,0,0.0,0.0
TEC22,LSTM_custom_with_window,top_down,hierarchical_reconciled,B1,24.14663110716431,40.838020383559,11.003173251783156,0,18,18,0.0,378.94166042463416
TEC22,LSTM_custom_with_window,top_down,hierarchical_reconciled,B2,5.437877867182455,26.02903931999026,2.726884211112962,14,0,14,681.5186502952907,0.0
TEC22,LSTM_custom_with_window,top_down,hierarchical_reconciled,B3,52.75435342680187,75.62672525381473,24.631186847459794,149,0,149,2979.7036357734223,0.0
TEC22,LSTM_custom_with_window,top_down,hierarchical_reconciled,B4,84.82359235715462,121.16561746137512,35.37133118692353,0,131,131,0.0,15381.89432127505
TEC22,LSTM_custom_with_window,ols,hierarchical_reconciled,B1,4.34913248438742,7.172093823544097,11356470583.375757,103,74,177,204.65497131348948,151.9382049560424
TEC22,LSTM_custom_with_window,ols,hierarchical_reconciled,B2,2.926422117196785,4.778350900589575,23496937843.192284,181,103,284,421.4293457030851,316.3745025635005
TEC22,LSTM_custom_with_window,ols,hierarchical_reconciled,B3,7.01256442319055,11.288746101096079,7705986074.616967,96,34,130,186.07992553710358,55.888037109377095
TEC22,LSTM_custom_with_window,ols,hierarchical_reconciled,B4,11.428650854898367,18.124167451318506,4527887335.911129,2,17,19,6.610037231445233,135.56562500000064
TEC22,LSTM_custom_with_window,wls,hierarchical_reconciled,B1,4.136783806306031,7.289262225083163,6900958140.600687,103,74,177,124.36217571171474,92.32790985136211
TEC22,LSTM_custom_with_window,wls,hierarchical_reconciled,B2,1.6480687747538039,3.757056740166635,10387343138.625574,181,103,284,186.3022003819499,139.86037416066375
TEC22,LSTM_custom_with_window,wls,hierarchical_reconciled,B3,6.66896515328412,11.563468245827739,3378512073.4937935,96,34,130,81.58245663123976,24.50282237871885
TEC22,LSTM_custom_with_window,wls,hierarchical_reconciled,B4,11.823496392354333,17.918717119439766,8097955799.827541,2,17,19,11.821802395634336,242.4540096032447
TEC22,LSTM_custom_with_window,mint,hierarchical_reconciled,B1,6.816088154761792,9.86014034041448,32892331450.690533,103,75,178,592.7527483664978,443.91857965607073
TEC22,LSTM_custom_with_window,mint,hierarchical_reconciled,B2,3.76389100135279,5.714057172167511,32018122747.24727,181,103,284,574.261063723028,431.1079905311576
TEC22,LSTM_custom_with_window,mint,hierarchical_reconciled,B3,7.637917872794695,11.467737717976117,13603742828.680399,96,34,130,328.49572118484014,98.6618035387577
TEC22,LSTM_custom_with_window,mint,hierarchical_reconciled,B4,13.925381335212855,19.351586400031472,17406005864.860085,2,17,19,25.410161152245166,521.1384228771878
TEC22,LSTM_mae_with_window,independent,raw,B1,4.679432010237606,9.177429876296804,898504744.8563777,56,137,193,5.190609695971943,23.022439223714173
TEC22,LSTM_mae_with_window,independent,raw,B2,0.8662479433878536,3.1508159731382044,3230299347.783474,128,172,300,25.764880065107718,75.66651944676414
TEC22,LSTM_mae_with_window,independent,raw,B3,6.53062627461484,11.804585848602377,1587893596.9895947,131,15,146,44.58093695342541,5.278921893797815
TEC22,LSTM_mae_with_window,independent,raw,B4,12.136921390559818,19.59046489172314,5956040952.216838,10,25,35,10.582800716161728,176.43688505887985
TEC22,LSTM_mae_with_window,bottom_up,hierarchical_reconciled,B1,4.679432010237606,9.177429876296804,898504744.8563777,56,137,193,5.190609695971943,23.022439223714173
TEC22,LSTM_mae_with_window,bottom_up,hierarchical_reconciled,B2,0.8662479433878536,3.1508159731382044,3230299347.783474,128,172,300,25.764880065107718,75.66651944676414
TEC22,LSTM_mae_with_window,bottom_up,hierarchical_reconciled,B3,6.53062627461484,11.804585848602377,1587893596.9895947,131,15,146,44.58093695342541,5.278921893797815
TEC22,LSTM_mae_with_window,bottom_up,hierarchical_reconciled,B4,12.136921390559818,19.59046489172314,5956040952.216838,10,25,35,10.582800716161728,176.43688505887985
TEC22,LSTM_mae_with_window,top_down,hierarchical_reconciled,B1,23.758793862191954,40.21651175741435,592019626.1055927,0,32,32,0.0,312.8477848571532
TEC22,LSTM_mae_with_window,top_down,hierarchical_reconciled,B2,5.429097363195043,25.865798476861745,262812622.26022157,14,16,30,670.5092557893337,8.25231625390997
TEC22,LSTM_mae_with_window,top_down,hierarchical_reconciled,B3,52.88887318588778,75.57181490344936,391841665.85757756,149,16,165,2946.7646196536657,12.303827533104979
TEC22,LSTM_mae_with_window,top_down,hierarchical_reconciled,B4,85.25508788742154,122.1362131169779,1666702776.376338,0,150,150,0.0,15534.00293618108
TEC22,LSTM_mae_with_window,ols,hierarchical_reconciled,B1,5.457187834134259,8.775530797702347,12089291478.136402,99,94,193,186.7035991336344,192.90015321624102
TEC22,LSTM_mae_with_window,ols,hierarchical_reconciled,B2,2.4619394023797203,3.9929412378304208,19830150712.251938,155,145,300,336.8815913824035,285.7851409745942
TEC22,LSTM_mae_with_window,ols,hierarchical_reconciled,B3,7.142599619112788,11.25499740052732,9772081840.348358,98,48,146,233.28536685453167,73.55800283705086
TEC22,LSTM_mae_with_window,ols,hierarchical_reconciled,B4,12.075232277912333,18.773167774046687,8032777954.75574,3,32,35,10.382033757865354,241.84719389979773
TEC22,LSTM_mae_with_window,wls,hierarchical_reconciled,B1,5.108559853302823,8.804473412013616,7386746521.444442,96,97,193,110.62524062727819,121.31860008061047
TEC22,LSTM_mae_with_window,wls,hierarchical_reconciled,B2,1.4207865386397762,3.1864465447213908,9127406330.46806,131,169,300,140.0151590503923,146.58539971824587
TEC22,LSTM_mae_with_window,wls,hierarchical_reconciled,B3,6.756582979577857,11.452859166813681,5018852813.27047,105,41,146,125.97623035189324,31.615747888210752
TEC22,LSTM_mae_with_window,wls,hierarchical_reconciled,B4,12.421562264579176,18.480289726921075,9815621864.752705,2,33,35,13.705466488307394,294.50505994123364
TEC22,LSTM_mae_with_window,mint,hierarchical_reconciled,B1,7.845192668221583,10.759951536437319,35097233360.47544,102,97,199,558.9067204732471,562.8538451829584
TEC22,LSTM_mae_with_window,mint,hierarchical_reconciled,B2,2.9856942905543575,4.5761448648168175,25181674713.49751,156,144,300,434.72015856481073,355.9844274314233
TEC22,LSTM_mae_with_window,mint,hierarchical_reconciled,B3,7.901741934164011,11.531419611883546,18437254146.537643,98,48,146,428.57403950424657,150.3557406030758
TEC22,LSTM_mae_with_window,mint,hierarchical_reconciled,B4,13.676923265931343,18.863902471651272,13755503968.899298,2,33,35,21.21355995372453,410.70926453686303
TEC22,RandomForest_mae_with_window,independent,raw,B1,4.631438827338224,9.252334218596957,2.1872813280204806,0,0,0,0.0,0.0
TEC22,RandomForest_mae_with_window,independent,raw,B2,0.8078818112060928,4.60792004575654,0.43890165176251894,0,0,0,0.0,0.0
TEC22,RandomForest_mae_with_window,independent,raw,B3,7.508830370525871,13.579074001562246,3.6435263580239505,0,0,0,0.0,0.0
TEC22,RandomForest_mae_with_window,independent,raw,B4,14.376274820398425,21.273642511488514,1143936091.5070941,0,28,28,0.0,35.91959312033969
TEC22,RandomForest_mae_with_window,bottom_up,hierarchical_reconciled,B1,4.631438827338224,9.252334218596957,2.1872813280204806,0,0,0,0.0,0.0
TEC22,RandomForest_mae_with_window,bottom_up,hierarchical_reconciled,B2,0.8078818112060928,4.60792004575654,0.43890165176251894,0,0,0,0.0,0.0
TEC22,RandomForest_mae_with_window,bottom_up,hierarchical_reconciled,B3,7.508830370525871,13.579074001562246,3.6435263580239505,0,0,0,0.0,0.0
TEC22,RandomForest_mae_with_window,bottom_up,hierarchical_reconciled,B4,14.376274820398425,21.273642511488514,1143936091.5070941,0,28,28,0.0,35.91959312033969
TEC22,RandomForest_mae_with_window,top_down,hierarchical_reconciled,B1,24.735577868037275,41.66409725227008,20863015.23587221,3,19,22,14.91823515850841,250.9544234626069
TEC22,RandomForest_mae_with_window,top_down,hierarchical_reconciled,B2,5.478859885588476,26.210671417642416,9261622.75869961,14,1,15,694.0961892064411,0.29081486834044284
TEC22,RandomForest_mae_with_window,top_down,hierarchical_reconciled,B3,54.19898924226048,77.24922850477367,13808678.788959514,149,1,150,3349.234791680834,0.43359171825584236
TEC22,RandomForest_mae_with_window,top_down,hierarchical_reconciled,B4,79.59089660946896,116.13327458150664,58735293.381138265,0,110,110,0.0,14351.298464330468
TEC22,RandomForest_mae_with_window,ols,hierarchical_reconciled,B1,6.061697362352726,8.773058654487256,18914075880.032494,146,45,191,519.383205399758,74.51877717212744
TEC22,RandomForest_mae_with_window,ols,hierarchical_reconciled,B2,4.411260757955612,6.630449774695257,37093307243.321625,192,106,298,884.250371905216,280.47947552315753
TEC22,RandomForest_mae_with_window,ols,hierarchical_reconciled,B3,9.087896328149005,13.968967896328948,14723293410.863792,105,39,144,396.2336454986171,66.07776748762228
TEC22,RandomForest_mae_with_window,ols,hierarchical_reconciled,B4,12.834444437860977,19.3157372222704,3373141965.3269677,2,31,33,11.708372899917975,94.20828467575984
TEC22,RandomForest_mae_with_window,wls,hierarchical_reconciled,B1,5.411088476778006,8.570743367173423,12077913378.656485,146,45,191,331.6612138260345,47.58526620189359
TEC22,RandomForest_mae_with_window,wls,hierarchical_reconciled,B2,2.3784131961395696,4.906621777079076,16167104281.402285,192,106,298,385.4001984634362,122.24687595962297
TEC22,RandomForest_mae_with_window,wls,hierarchical_reconciled,B3,8.158204184694384,13.494844377777358,6620691137.776194,105,39,144,178.17620767667174,29.713493935807897
TEC22,RandomForest_mae_with_window,wls,hierarchical_reconciled,B4,12.70374935184431,18.878834938736073,4347461994.437417,2,31,33,16.825756788342062,119.68454970359161
TEC22,RandomForest_mae_with_window,mint,hierarchical_reconciled,B1,7.475270439541083,10.160246004182923,31555405894.964844,146,45,191,866.5159199960635,124.32382504280991
TEC22,RandomForest_mae_with_window,mint,hierarchical_reconciled,B2,3.434401640800822,5.667743295118707,27037485776.550804,192,106,298,644.5342470101875,204.4428063610793
TEC22,RandomForest_mae_with_window,mint,hierarchical_reconciled,B3,9.710017843401864,14.531332556180727,19549822392.541824,105,39,144,526.1253158334926,87.73910717563606
TEC22,RandomForest_mae_with_window,mint,hierarchical_reconciled,B4,13.084970432349788,19.641757927436256,2877517738.6630077,2,31,33,9.105224697331408,81.24883215827018
TEC22,RandomForest_custom_with_window,independent,raw,B1,4.631438827338224,9.252334218596957,2.1872813280204806,0,0,0,0.0,0.0
TEC22,RandomForest_custom_with_window,independent,raw,B2,0.8078818112060928,4.60792004575654,0.43890165176251894,0,0,0,0.0,0.0
TEC22,RandomForest_custom_with_window,independent,raw,B3,7.508830370525871,13.579074001562246,3.6435263580239505,0,0,0,0.0,0.0
TEC22,RandomForest_custom_with_window,independent,raw,B4,14.261881211734924,21.23923141979817,4.872072025385028,0,0,0,0.0,0.0
TEC22,RandomForest_custom_with_window,bottom_up,hierarchical_reconciled,B1,4.631438827338224,9.252334218596957,2.1872813280204806,0,0,0,0.0,0.0
TEC22,RandomForest_custom_with_window,bottom_up,hierarchical_reconciled,B2,0.8078818112060928,4.60792004575654,0.43890165176251894,0,0,0,0.0,0.0
TEC22,RandomForest_custom_with_window,bottom_up,hierarchical_reconciled,B3,7.508830370525871,13.579074001562246,3.6435263580239505,0,0,0,0.0,0.0
TEC22,RandomForest_custom_with_window,bottom_up,hierarchical_reconciled,B4,14.261881211734924,21.23923141979817,4.872072025385028,0,0,0,0.0,0.0
TEC22,RandomForest_custom_with_window,top_down,hierarchical_reconciled,B1,24.733491567643757,41.664080850472736,11.300721466872501,3,18,21,14.91823515850841,250.2993251390432
TEC22,RandomForest_custom_with_window,top_down,hierarchical_reconciled,B2,5.477933723587392,26.210666279626253,2.7478574819730914,14,0,14,694.0961892064411,0.0
TEC22,RandomForest_custom_with_window,top_down,hierarchical_reconciled,B3,54.19760837691571,77.24922462944828,25.341321223529334,149,0,149,3349.234791680834,0.0
TEC22,RandomForest_custom_with_window,top_down,hierarchical_reconciled,B4,79.58502308350107,116.13322794340613,33.702353555132824,0,109,109,0.0,14349.454177176554
TEC22,RandomForest_custom_with_window,ols,hierarchical_reconciled,B1,6.078999783881084,8.785844519756589,18897058052.244133,133,44,177,519.0110007582853,74.35662202077648
TEC22,RandomForest_custom_with_window,ols,hierarchical_reconciled,B2,4.410954592345459,6.632618850712473,37090245587.22011,179,105,284,880.9327237987956,283.70098762799034
TEC22,RandomForest_custom_with_window,ols,hierarchical_reconciled,B3,9.06603814179883,13.95525591658668,14706275583.057898,92,38,130,395.8614408571442,65.91561233627132
TEC22,RandomForest_custom_with_window,ols,hierarchical_reconciled,B4,12.753527428379055,19.28226332308854,2563971870.507757,3,16,19,13.694618865799626,66.81409773255496
TEC22,RandomForest_custom_with_window,wls,hierarchical_reconciled,B1,5.398594018208642,8.579297069376679,11831957870.945438,133,44,177,324.9667899712902,46.55668711432789
TEC22,RandomForest_custom_with_window,wls,hierarchical_reconciled,B2,2.347680980769122,4.890862685574796,15850784267.792725,179,105,284,376.4729604261309,121.24166556957235
TEC22,RandomForest_custom_with_window,wls,hierarchical_reconciled,B3,8.134654347646382,13.485857539634331,6484204376.568567,92,38,130,174.540893921715,29.063123388975022
TEC22,RandomForest_custom_with_window,wls,hierarchical_reconciled,B4,12.649182725658731,18.81637803281395,3807935798.5841317,3,16,19,20.338846169304617,99.23033777282032
TEC22,RandomForest_custom_with_window,mint,hierarchical_reconciled,B1,7.496849034170133,10.171502891120213,31469792336.012695,133,44,177,864.3233443774584,123.8281349098925
TEC22,RandomForest_custom_with_window,mint,hierarchical_reconciled,B2,3.4378485588818863,5.672320746467407,27073034180.314,179,105,284,643.0133142627706,207.07995898666238
TEC22,RandomForest_custom_with_window,mint,hierarchical_reconciled,B3,9.796953767705455,14.634877194334555,20393750876.25816,92,38,130,548.956094375797,91.4076830220101
TEC22,RandomForest_custom_with_window,mint,hierarchical_reconciled,B4,12.775890180960939,19.314892621978103,2500959735.7652936,3,16,19,13.358060114624621,65.17207545255046
