datetime,plant_id,model_name,method,forecast_stage,N_chp_pred,N_chp_true,N_1_pred,N_1_true,N_min_1,N_max_1,N_2_pred,N_2_true,N_min_2,N_max_2,N_3_pred,N_3_true,N_min_3,N_max_3,N_4_pred,N_4_true,N_min_4,N_max_4
2025-03-25,TEC22,RandomForest_custom_with_window,mint,hierarchical_reconciled,742.5654891530754,750.03125,193.64141851314355,183.16,125.0,250.0,-7.775302104581251,0.0,0.0,0.0,172.2313325244086,200.16,125.0,250.0,384.4680402201044,366.71125,218.310665,464.0
2025-03-26,TEC22,RandomForest_custom_with_window,mint,hierarchical_reconciled,722.0475334462553,760.72875,185.35394407355932,181.785,125.0,250.0,-10.744840844939922,0.0,0.0,0.0,166.43968211519282,200.63,125.0,250.0,380.99874810244296,378.31375,218.903415,464.0
2025-03-27,TEC22,RandomForest_custom_with_window,mint,hierarchical_reconciled,731.0293728344683,791.3920833,189.20272952881652,205.53,125.0,250.0,-10.165550644501048,0.0,0.0,0.0,168.39596471459504,201.1,125.0,250.0,383.59622923555764,384.7620833,220.491985,464.0
2025-03-28,TEC22,RandomForest_custom_with_window,mint,hierarchical_reconciled,731.0115974187187,796.595,184.8860420222943,206.915,125.0,250.0,-9.22343427216261,0.0,0.0,0.0,171.80144302459135,201.465,125.0,250.0,383.54754664399553,388.215,216.319025,464.0
2025-03-29,TEC22,RandomForest_custom_with_window,mint,hierarchical_reconciled,727.9592675883979,737.8608333,186.87539280748484,187.415,125.0,250.0,-9.76015295940469,0.0,0.0,0.0,167.5308514927545,183.425,125.0,250.0,383.3131762475631,367.0208333,213.355275,464.0
2025-03-30,TEC22,RandomForest_custom_with_window,mint,hierarchical_reconciled,702.34788983918,772.25875,176.1859661182598,200.75,125.0,250.0,-12.76989856805604,0.0,0.0,0.0,163.30860206253737,196.25,125.0,250.0,375.6232202264386,375.25875,211.37549,462.75098
2025-03-31,TEC22,RandomForest_custom_with_window,mint,hierarchical_reconciled,713.7683930679112,644.1766667,180.15184303330687,160.14,125.0,250.0,-10.457480620832113,0.0,0.0,0.0,165.1671433268292,143.845,125.0,250.0,378.9068873286071,340.1916667,212.20534,464.0
2025-04-01,TEC22,RandomForest_custom_with_window,mint,hierarchical_reconciled,446.49412842185615,444.7841667,227.74293249622565,220.125,125.0,250.0,4.330432690520965,0.0,0.0,0.0,208.63384276856414,217.58,125.0,250.0,5.786920466545212,0.0,0.0,0.0
2025-04-02,TEC22,RandomForest_custom_with_window,mint,hierarchical_reconciled,427.60158210952767,436.35,222.10527748696308,218.485,125.0,250.0,2.106837913372395,0.0,0.0,0.0,200.57401977538427,217.865,125.0,250.0,2.8154469338077206,0.0,0.0,0.0
2025-04-03,TEC22,RandomForest_custom_with_window,mint,hierarchical_reconciled,421.68833700647195,431.125,219.27008315566877,212.265,125.0,250.0,1.6520119276378367,0.0,0.0,0.0,198.55859610154772,218.86,125.0,250.0,2.207645821617419,0.0,0.0,0.0
2025-04-04,TEC22,RandomForest_custom_with_window,mint,hierarchical_reconciled,422.2409144269442,425.07,220.10373531056337,206.275,125.0,250.0,1.1920720146284651,0.0,0.0,0.0,199.35209632614328,218.795,125.0,250.0,1.5930107756089171,0.0,0.0,0.0
2025-04-05,TEC22,RandomForest_custom_with_window,mint,hierarchical_reconciled,431.68733484861394,443.34,224.25202468117624,221.005,125.0,250.0,1.9262571146940175,0.0,0.0,0.0,202.93492304830963,222.335,125.0,250.0,2.5741300044337976,0.0,0.0,0.0
2025-04-06,TEC22,RandomForest_custom_with_window,mint,hierarchical_reconciled,441.5671629954967,452.965,225.9681946613349,227.085,125.0,250.0,2.7353427138132957,0.0,0.0,0.0,209.2082840263707,225.88,125.0,250.0,3.655341593977539,0.0,0.0,0.0
2025-04-07,TEC22,RandomForest_custom_with_window,mint,hierarchical_reconciled,442.02254911234917,460.725,225.91910507365088,230.495,125.0,250.0,2.8329645015914906,0.0,0.0,0.0,209.48468226766937,230.23,125.0,250.0,3.7857972694371824,0.0,0.0,0.0
2025-04-08,TEC22,RandomForest_custom_with_window,mint,hierarchical_reconciled,445.2927397203913,455.965,229.3013366700564,226.905,125.0,250.0,4.287750546239906,0.0,0.0,0.0,205.97376979611738,229.06,125.0,250.0,5.72988270797741,0.0,0.0,0.0
2025-04-09,TEC22,RandomForest_custom_with_window,mint,hierarchical_reconciled,441.5511010585345,463.45,227.88427356466588,230.935,125.0,250.0,3.6666431031802347,0.0,0.0,0.0,205.10031097532337,232.515,125.0,250.0,4.899873415364851,0.0,0.0,0.0
2025-04-10,TEC22,RandomForest_custom_with_window,mint,hierarchical_reconciled,449.3933962649206,460.505,228.23732752446256,229.575,125.0,250.0,3.342958527150273,0.0,0.0,0.0,213.34578870016549,230.93,125.0,250.0,4.467321513142011,0.0,0.0,0.0
2025-04-11,TEC22,RandomForest_custom_with_window,mint,hierarchical_reconciled,444.3414165406668,460.895,226.86078942040925,230.58,125.0,250.0,2.9325811151171877,0.0,0.0,0.0,210.6291272993898,230.315,125.0,250.0,3.9189187057503716,0.0,0.0,0.0
2025-04-12,TEC22,RandomForest_custom_with_window,mint,hierarchical_reconciled,446.22838808330494,467.67,226.98693839717163,233.625,125.0,250.0,2.9878729846912506,0.0,0.0,0.0,212.26076938581377,234.045,125.0,250.0,3.9928073156280988,0.0,0.0,0.0
2025-04-13,TEC22,RandomForest_custom_with_window,mint,hierarchical_reconciled,441.64224977883885,444.89,228.2164458255681,215.955,125.0,250.0,4.690378416197738,0.0,0.0,0.0,202.4674960269454,228.935,125.0,250.0,6.2679295101273595,0.0,0.0,0.0
2025-04-14,TEC22,RandomForest_custom_with_window,mint,hierarchical_reconciled,421.7996378759971,430.355,220.5674191961895,215.4,125.0,250.0,4.03246805979353,0.0,0.0,0.0,191.8110115231127,214.955,125.0,250.0,5.3887390969011335,0.0,0.0,0.0
2025-04-15,TEC22,RandomForest_custom_with_window,mint,hierarchical_reconciled,415.653357268004,414.57,218.7955094778787,207.785,125.0,250.0,2.76763842681067,0.0,0.0,0.0,190.39170979047367,206.785,125.0,250.0,3.698499572840788,0.0,0.0,0.0
2025-04-16,TEC22,RandomForest_custom_with_window,mint,hierarchical_reconciled,409.1010590332291,350.2,211.32606338904603,166.37,125.0,250.0,3.2849561496929383,0.0,0.0,0.0,190.10022874509923,183.83,125.0,250.0,4.389810749390648,0.0,0.0,0.0
2025-04-17,TEC22,RandomForest_custom_with_window,mint,hierarchical_reconciled,525.3777335348049,597.5558333,161.38865613370078,162.765,125.0,250.0,-17.14891777433723,0.0,0.0,0.0,131.16283511488484,199.23,125.0,250.0,249.9751600605563,235.5608333,210.18999,460.37998
2025-04-18,TEC22,RandomForest_custom_with_window,mint,hierarchical_reconciled,532.4016845310713,629.4533333,2.901218508308243,0.0,0.0,0.0,1.271621851276718,0.0,0.0,0.0,163.2822288647623,218.265,125.0,250.0,364.94661530672397,411.1883333,208.874085,457.74817
2025-04-19,TEC22,RandomForest_custom_with_window,mint,hierarchical_reconciled,555.2674332213329,532.31875,14.796627257649867,0.0,0.0,0.0,6.485452402893022,0.0,0.0,0.0,167.2972522070444,215.19,125.0,250.0,366.6881013537456,317.12875,205.839205,451.67841
2025-04-20,TEC22,RandomForest_custom_with_window,mint,hierarchical_reconciled,532.3664174725229,530.4641667,-9.717018208380052,0.0,0.0,0.0,-4.259028628021617,0.0,0.0,0.0,170.714049255233,169.665,125.0,250.0,375.62841505369164,360.7991667,215.062395,464.0
2025-04-21,TEC22,RandomForest_custom_with_window,mint,hierarchical_reconciled,541.7607276073348,612.12,-18.446743917803012,0.0,0.0,0.0,-8.085320903479467,0.0,0.0,0.0,185.1902365172626,210.13,125.0,250.0,383.10255591135467,401.99,215.655145,464.0
2025-04-22,TEC22,RandomForest_custom_with_window,mint,hierarchical_reconciled,596.8537851548624,593.38875,1.823913652228854,0.0,0.0,0.0,0.7994325309776361,0.0,0.0,0.0,206.24356400998997,199.665,125.0,250.0,387.9868749616659,393.72375,214.777875,464.0
2025-04-23,TEC22,RandomForest_custom_with_window,mint,hierarchical_reconciled,571.8109789886546,590.5570833,-6.456075464496402,0.0,0.0,0.0,-2.829737439850131,0.0,0.0,0.0,194.8531082923915,197.225,125.0,250.0,386.2436836006096,393.3320833,215.252075,464.0
2025-04-24,TEC22,RandomForest_custom_with_window,mint,hierarchical_reconciled,571.1082850434208,613.6091667,-7.827841174912647,0.0,0.0,0.0,-3.430990757103619,0.0,0.0,0.0,195.368847742811,207.855,125.0,250.0,386.998269232626,405.7541667,216.80508,464.0
2025-04-25,TEC22,RandomForest_custom_with_window,mint,hierarchical_reconciled,611.3245303806905,610.7991667,4.4506830778024336,0.0,0.0,0.0,1.9507616674283053,0.0,0.0,0.0,215.46875524616212,212.185,125.0,250.0,389.45433038929747,398.6141667,218.55962,464.0
2025-04-26,TEC22,RandomForest_custom_with_window,mint,hierarchical_reconciled,604.7206861522607,630.92,-0.11208747224123311,0.0,0.0,0.0,-0.04912862597162477,0.0,0.0,0.0,215.70842574853845,205.685,125.0,250.0,389.1734765019351,425.235,220.017785,464.0
2025-04-27,TEC22,RandomForest_custom_with_window,mint,hierarchical_reconciled,620.124827433203,593.0129167,3.501773015160636,0.0,0.0,0.0,1.5348485719147267,0.0,0.0,0.0,224.99053372426005,198.03,125.0,250.0,390.09767212186745,394.9829167,220.326015,464.0
2025-04-28,TEC22,RandomForest_custom_with_window,mint,hierarchical_reconciled,586.4723808454379,593.7258333,-5.252961686292598,0.0,0.0,0.0,-2.302405298008713,0.0,0.0,0.0,209.684609893173,201.625,125.0,250.0,384.34313793656617,392.1008333,216.437575,464.0
2025-04-29,TEC22,RandomForest_custom_with_window,mint,hierarchical_reconciled,576.2639472500146,590.5954167,-5.77987362533997,0.0,0.0,0.0,-2.533354029885502,0.0,0.0,0.0,197.22625363605445,202.115,125.0,250.0,387.3509212691854,388.4804167,215.59587,464.0
2025-04-30,TEC22,RandomForest_custom_with_window,mint,hierarchical_reconciled,574.7697246282304,588.91,-7.764058087665777,0.0,0.0,0.0,-3.403034239091366,0.0,0.0,0.0,198.1452958256971,200.845,125.0,250.0,387.79152112929046,388.065,218.84414,464.0
2025-05-01,TEC22,RandomForest_custom_with_window,mint,hierarchical_reconciled,581.8460344985433,581.10125,-1.3639263499310526,0.0,0.0,0.0,-0.5978172775121884,0.0,0.0,0.0,203.82555072902994,202.97,125.0,250.0,379.98222739695655,378.13125,218.5122,464.0
2025-05-02,TEC22,RandomForest_custom_with_window,mint,hierarchical_reconciled,560.5581320119668,576.77375,-5.987198047515982,0.0,0.0,0.0,-2.6242255946391917,0.0,0.0,0.0,193.15263722512847,199.17,125.0,250.0,376.01691842899345,377.60375,214.12585,464.0
2025-05-03,TEC22,RandomForest_custom_with_window,mint,hierarchical_reconciled,549.4162858064997,565.7541667,-6.905491505388975,0.0,0.0,0.0,-3.026719244659637,0.0,0.0,0.0,183.38430049927595,199.35,125.0,250.0,375.96419605727215,366.4041667,213.450115,464.0
2025-05-04,TEC22,RandomForest_custom_with_window,mint,hierarchical_reconciled,549.7497134875732,552.6141667,-8.839995028221084,0.0,0.0,0.0,-3.8746239936334397,0.0,0.0,0.0,183.87018994406534,173.685,125.0,250.0,378.59414256536235,378.9291667,215.14538,464.0
2025-05-05,TEC22,RandomForest_custom_with_window,mint,hierarchical_reconciled,566.5290818394884,534.7479167,-5.273708347219578,0.0,0.0,0.0,-2.3114986866315355,0.0,0.0,0.0,194.1014631987673,184.785,125.0,250.0,380.01282567457207,349.9629167,218.998255,464.0
2025-05-06,TEC22,RandomForest_custom_with_window,mint,hierarchical_reconciled,555.3268542552803,572.9816667,-10.027045819899548,0.0,0.0,0.0,-4.394915630044524,0.0,0.0,0.0,191.9535275969096,191.81,125.0,250.0,377.7952881083147,381.1716667,216.89992,464.0
2025-05-07,TEC22,RandomForest_custom_with_window,mint,hierarchical_reconciled,577.8034324754148,591.3004167,-3.240049344843594,0.0,0.0,0.0,-1.4201334833345642,0.0,0.0,0.0,199.28085408147894,208.5,125.0,250.0,383.18276122211387,382.8004167,219.86367,464.0
2025-05-08,TEC22,RandomForest_custom_with_window,mint,hierarchical_reconciled,584.3899026601357,587.0704167,-1.9773770099004337,0.0,0.0,0.0,-0.8666964610908509,0.0,0.0,0.0,208.57103233944088,202.575,125.0,250.0,378.66294379168596,384.4954167,218.761155,464.0
2025-05-09,TEC22,RandomForest_custom_with_window,mint,hierarchical_reconciled,566.8946684310744,569.6766667,-4.824565756252637,0.0,0.0,0.0,-2.1146367366001684,0.0,0.0,0.0,195.8501537164309,186.55,125.0,250.0,377.98371720749617,383.1266667,215.987085,464.0
2025-05-10,TEC22,RandomForest_custom_with_window,mint,hierarchical_reconciled,566.7705057280707,592.6954167,-3.568758361090035,0.0,0.0,0.0,-1.5642086595316256,0.0,0.0,0.0,191.4922441358259,204.49,125.0,250.0,380.4112286128663,388.2054167,216.75766,464.0
2025-05-11,TEC22,RandomForest_custom_with_window,mint,hierarchical_reconciled,573.4584149662982,595.37,-2.160763624319033,0.0,0.0,0.0,-0.9470759380101477,0.0,0.0,0.0,197.8090570477331,205.835,125.0,250.0,378.75719748089415,389.535,217.87203,464.0
2025-05-12,TEC22,RandomForest_custom_with_window,mint,hierarchical_reconciled,565.8575122896863,510.325,-3.379129566494419,0.0,0.0,0.0,-1.4810931967877763,0.0,0.0,0.0,195.5018693333572,173.075,125.0,250.0,375.21586571961126,337.25,213.55681,464.0
2025-05-13,TEC22,RandomForest_custom_with_window,mint,hierarchical_reconciled,523.8617484033483,480.2158333,-14.121813073654161,0.0,0.0,0.0,-6.1896772106892595,0.0,0.0,0.0,171.69620587225313,189.345,125.0,250.0,372.47703281543863,290.8708333,212.44244,464.0
2025-05-14,TEC22,RandomForest_custom_with_window,mint,hierarchical_reconciled,525.1085262575251,473.0470833,-18.410675117940595,0.0,0.0,0.0,-8.069511727464972,0.0,0.0,0.0,173.71992103626317,156.455,125.0,250.0,377.8687920666675,316.5920833,214.611905,464.0
2025-05-15,TEC22,RandomForest_custom_with_window,mint,hierarchical_reconciled,524.5938681630857,582.7158333,-13.911638164215965,0.0,0.0,0.0,-6.097556259900357,0.0,0.0,0.0,172.70507180885505,206.29,125.0,250.0,371.8979907783471,376.4258333,211.719285,463.43857
2025-05-16,TEC22,RandomForest_custom_with_window,mint,hierarchical_reconciled,538.1794621017741,535.2583333,-1.9476271960753322,0.0,0.0,0.0,-0.8536569353801711,0.0,0.0,0.0,175.39572270729985,186.08,125.0,250.0,365.58502352592967,349.1783333,209.57353,459.14706
2025-05-17,TEC22,RandomForest_custom_with_window,mint,hierarchical_reconciled,528.2569236279205,585.2683333,-5.345129562039771,0.0,0.0,0.0,-2.34280304276672,0.0,0.0,0.0,160.3503426301661,199.91,125.0,250.0,375.5945136025608,385.3583333,212.18163,464.0
2025-05-18,TEC22,RandomForest_custom_with_window,mint,hierarchical_reconciled,530.245063315775,568.2970833,-4.4587591096045065,0.0,0.0,0.0,-1.9543014416584197,0.0,0.0,0.0,173.1699790986903,200.005,125.0,250.0,363.48814476834764,368.2920833,209.40756,458.81512
2025-05-19,TEC22,RandomForest_custom_with_window,mint,hierarchical_reconciled,535.9552758058309,549.3079167,3.272032938725171,0.0,0.0,0.0,1.4341520885327583,0.0,0.0,0.0,161.07044700812597,182.35,125.0,250.0,370.1786437704469,366.9579167,209.846195,459.69239
2025-05-20,TEC22,RandomForest_custom_with_window,mint,hierarchical_reconciled,531.70790198496,506.4966667,1.27103393092419,0.0,0.0,0.0,0.557101961003162,0.0,0.0,0.0,159.97218067164988,159.315,125.0,250.0,369.90758542138275,347.1816667,210.130715,460.26143
2025-05-21,TEC22,RandomForest_custom_with_window,mint,hierarchical_reconciled,521.1882699717049,540.0166667,-8.681467547293666,0.0,0.0,0.0,-3.8051404272636824,0.0,0.0,0.0,157.398257600483,159.28,125.0,250.0,376.2766203457791,380.7366667,212.335745,464.0
2025-05-22,TEC22,RandomForest_custom_with_window,mint,hierarchical_reconciled,535.6162017474585,534.595,-5.641816394359993,0.0,0.0,0.0,-2.4728426995123503,0.0,0.0,0.0,174.173994722356,158.16,125.0,250.0,369.5568661189748,376.435,210.581205,461.16241
2025-05-23,TEC22,RandomForest_custom_with_window,mint,hierarchical_reconciled,381.4342298778655,366.12,3.9570236324617585,0.0,0.0,0.0,1.73438770731927,0.0,0.0,0.0,3.2950603553351416,0.0,0.0,0.0,372.4477581827494,362.785,207.332935,454.66587
2025-05-24,TEC22,RandomForest_custom_with_window,mint,hierarchical_reconciled,372.42495537678525,341.305,-2.1574354814107997,0.0,0.0,0.0,-0.9456171925780881,0.0,0.0,0.0,-1.7965220287470953,0.0,0.0,0.0,377.3245300795213,341.305,210.178135,460.35627
2025-05-25,TEC22,RandomForest_custom_with_window,mint,hierarchical_reconciled,358.0606876203938,320.3683333,-7.207549881865001,0.0,0.0,0.0,-3.159113282126319,0.0,0.0,0.0,-6.001811988183482,0.0,0.0,0.0,374.4291627725687,320.3683333,210.09515,460.1903
2025-05-26,TEC22,RandomForest_custom_with_window,mint,hierarchical_reconciled,351.4550487396422,355.0733333,-13.080564216650611,0.0,0.0,0.0,-5.733291455741447,0.0,0.0,0.0,-10.892340450564175,0.0,0.0,0.0,381.16124486259855,355.0733333,211.814125,463.62825
2025-05-27,TEC22,RandomForest_custom_with_window,mint,hierarchical_reconciled,339.0087053511443,368.7691667,-13.948230266346313,0.0,0.0,0.0,-6.113594802505727,0.0,0.0,0.0,-11.614856226959473,0.0,0.0,0.0,370.68538664695586,368.7691667,208.067945,456.13589
2025-05-28,TEC22,RandomForest_custom_with_window,mint,hierarchical_reconciled,367.97078185953393,363.9608333,-2.3499396533592916,0.0,0.0,0.0,-1.0299929508364327,0.0,0.0,0.0,-1.9568225283499805,0.0,0.0,0.0,373.3075369920797,363.9608333,206.621635,453.24327
2025-05-29,TEC22,RandomForest_custom_with_window,mint,hierarchical_reconciled,374.0905971281084,351.3904167,2.2146264671103304,0.0,0.0,0.0,0.9706843520846947,0.0,0.0,0.0,1.8441456386024264,0.0,0.0,0.0,369.061140670311,351.3904167,204.582575,449.16515
2025-05-30,TEC22,RandomForest_custom_with_window,mint,hierarchical_reconciled,362.7624519401089,350.44,-4.646855064574346,0.0,0.0,0.0,-2.036745051400794,0.0,0.0,0.0,-3.869491143458718,0.0,0.0,0.0,373.31554319954284,350.44,207.34479,454.68958
2025-05-31,TEC22,RandomForest_custom_with_window,mint,hierarchical_reconciled,359.6620854322082,376.2916667,-6.424582840334048,0.0,0.0,0.0,-2.8159340296883832,0.0,0.0,0.0,-5.349826077126972,0.0,0.0,0.0,374.25242837935764,376.2916667,208.636985,457.27397
2025-06-01,TEC22,RandomForest_custom_with_window,mint,hierarchical_reconciled,367.08215302807866,352.4625,-3.4877314239830466,0.0,0.0,0.0,-1.5286940564528337,0.0,0.0,0.0,-2.904275185759705,0.0,0.0,0.0,375.0028536942744,352.4625,210.26112,460.52224
2025-06-02,TEC22,RandomForest_custom_with_window,mint,hierarchical_reconciled,330.66510036809956,361.4495833,-14.088506354388892,0.0,0.0,0.0,-6.175078671526876,0.0,0.0,0.0,-11.731665783697709,0.0,0.0,0.0,362.6603511777131,361.4495833,208.22206,456.44412
2025-06-03,TEC22,RandomForest_custom_with_window,mint,hierarchical_reconciled,351.6402573948364,361.1108333,-7.123181671658587,0.0,0.0,0.0,-3.1221341785722894,0.0,0.0,0.0,-5.93155758221502,0.0,0.0,0.0,367.81713082728237,361.1108333,208.542145,457.08429
2025-06-04,TEC22,RandomForest_custom_with_window,mint,hierarchical_reconciled,349.19001375793613,358.1254167,-7.7548331202608125,0.0,0.0,0.0,-3.3989908793457935,0.0,0.0,0.0,-6.457541210314903,0.0,0.0,0.0,366.8013789678577,358.1254167,208.352465,456.70493
2025-06-05,TEC22,RandomForest_custom_with_window,mint,hierarchical_reconciled,355.62834172674457,353.3333333,-3.105266859064828,0.0,0.0,0.0,-1.3610574938511877,0.0,0.0,0.0,-2.585792421379933,0.0,0.0,0.0,362.68045850104056,353.3333333,206.66905500000001,453.33811000000003
2025-06-06,TEC22,RandomForest_custom_with_window,mint,hierarchical_reconciled,341.204938184323,351.07125,-9.133836411859292,0.0,0.0,0.0,-4.0034164727844015,0.0,0.0,0.0,-7.605853552638732,0.0,0.0,0.0,361.94804462160545,351.07125,207.404065,454.80813
2025-06-07,TEC22,RandomForest_custom_with_window,mint,hierarchical_reconciled,344.9710208660594,356.4408333,-6.640761711547545,0.0,0.0,0.0,-2.9106865537165514,0.0,0.0,0.0,-5.529840778670104,0.0,0.0,0.0,360.05230990999365,356.4408333,206.53865,453.0773
2025-06-08,TEC22,RandomForest_custom_with_window,mint,hierarchical_reconciled,352.3167529531691,299.8275,-5.451430702693708,0.0,0.0,0.0,-2.3893954841440226,0.0,0.0,0.0,-4.5394707883329435,0.0,0.0,0.0,364.6970499283398,299.8275,207.58189,455.16378
2025-06-09,TEC22,RandomForest_custom_with_window,mint,hierarchical_reconciled,352.6808069079946,357.8191667,-8.793543564413369,0.0,0.0,0.0,-3.8542640323852204,0.0,0.0,0.0,-7.322487675916481,0.0,0.0,0.0,372.6511021807097,357.8191667,211.031695,462.06339
2025-06-10,TEC22,RandomForest_custom_with_window,mint,hierarchical_reconciled,356.52035050954385,356.83,-6.1576912536286255,0.0,0.0,0.0,-2.6989538116852785,0.0,0.0,0.0,-5.127582297910914,0.0,0.0,0.0,370.5045778727688,356.83,209.182315,458.36463
2025-06-11,TEC22,RandomForest_custom_with_window,mint,hierarchical_reconciled,362.31461424961856,339.7741667,-3.453845537127639,0.0,0.0,0.0,-1.513841664586508,0.0,0.0,0.0,-2.876058007204941,0.0,0.0,0.0,370.15835945853763,339.7741667,208.67255,457.3451
2025-06-12,TEC22,RandomForest_custom_with_window,mint,hierarchical_reconciled,342.2905483454621,368.9825,-8.783406992779431,0.0,0.0,0.0,-3.8498211109196854,0.0,0.0,0.0,-7.314046832890921,0.0,0.0,0.0,362.23782328205226,368.9825,207.39221,454.78442
2025-06-13,TEC22,RandomForest_custom_with_window,mint,hierarchical_reconciled,369.5844587063317,367.1520833,1.1861135435787984,0.0,0.0,0.0,0.5198808348253403,0.0,0.0,0.0,0.9876907689684438,0.0,0.0,0.0,366.8907735589592,367.1520833,207.095835,454.19167
2025-06-14,TEC22,RandomForest_custom_with_window,mint,hierarchical_reconciled,369.5878049079719,339.3916667,0.9549334862685208,0.0,0.0,0.0,0.41855319900152266,0.0,0.0,0.0,0.7951844024312064,0.0,0.0,0.0,367.4191338202707,339.3916667,207.06027,454.12054
2025-06-15,TEC22,RandomForest_custom_with_window,mint,hierarchical_reconciled,339.74912557458555,314.5904167,-7.672308117619695,0.0,0.0,0.0,-3.3628196649630726,0.0,0.0,0.0,-6.388821665074917,0.0,0.0,0.0,357.1730750222433,314.5904167,206.100015,452.20003
2025-06-16,TEC22,RandomForest_custom_with_window,mint,hierarchical_reconciled,321.0768454906006,292.3166667,-12.652332821082364,0.0,0.0,0.0,-5.545595010800148,0.0,0.0,0.0,-10.535747105285383,0.0,0.0,0.0,349.8105204277685,292.3166667,204.7604,449.5208
2025-06-17,TEC22,RandomForest_custom_with_window,mint,hierarchical_reconciled,332.34753688948325,347.4720833,-10.748683137317204,0.0,0.0,0.0,-4.711213688566153,0.0,0.0,0.0,-8.950555510278763,0.0,0.0,0.0,356.7579892256455,347.4720833,206.953575,453.90715
2025-06-18,TEC22,RandomForest_custom_with_window,mint,hierarchical_reconciled,344.74060292054435,322.11,-7.396448848474118,0.0,0.0,0.0,-3.241908856791201,0.0,0.0,0.0,-6.1591103906825975,0.0,0.0,0.0,361.53807101649227,322.11,206.953575,453.90715
2025-06-19,TEC22,RandomForest_custom_with_window,mint,hierarchical_reconciled,343.64069678022435,358.0375,-10.564833401366386,0.0,0.0,0.0,-4.630631222641223,0.0,0.0,0.0,-8.797461661836547,0.0,0.0,0.0,367.6336230660686,358.0375,209.36014,458.72028
2025-06-20,TEC22,RandomForest_custom_with_window,mint,hierarchical_reconciled,362.338745398,361.77875,-4.1904466324243845,0.0,0.0,0.0,-1.836698438652784,0.0,0.0,0.0,-3.4894344467332394,0.0,0.0,0.0,371.85532491581046,361.77875,209.253445,458.50689
2025-06-21,TEC22,RandomForest_custom_with_window,mint,hierarchical_reconciled,356.48866352540193,366.86875,-5.870116158872233,0.0,0.0,0.0,-2.572907885351908,0.0,0.0,0.0,-4.888115117037902,0.0,0.0,0.0,369.81980268666405,366.86875,208.86223,457.72446
2025-06-22,TEC22,RandomForest_custom_with_window,mint,hierarchical_reconciled,359.63282764085574,337.0041667,-5.055202560926318,0.0,0.0,0.0,-2.2157262614641926,0.0,0.0,0.0,-4.209526930809495,0.0,0.0,0.0,371.1132833940558,337.0041667,209.134895,458.26979
2025-06-23,TEC22,RandomForest_custom_with_window,mint,hierarchical_reconciled,0.0,0.0,0.0,0.0,0.0,0.0,0.0,0.0,0.0,0.0,0.0,0.0,0.0,0.0,0.0,0.0,0.0,0.0
2025-06-24,TEC22,RandomForest_custom_with_window,mint,hierarchical_reconciled,0.0,0.0,0.0,0.0,0.0,0.0,0.0,0.0,0.0,0.0,0.0,0.0,0.0,0.0,0.0,0.0,0.0,0.0
2025-06-25,TEC22,RandomForest_custom_with_window,mint,hierarchical_reconciled,0.0,0.0,0.0,0.0,0.0,0.0,0.0,0.0,0.0,0.0,0.0,0.0,0.0,0.0,0.0,0.0,0.0,0.0
2025-06-26,TEC22,RandomForest_custom_with_window,mint,hierarchical_reconciled,0.0,0.0,0.0,0.0,0.0,0.0,0.0,0.0,0.0,0.0,0.0,0.0,0.0,0.0,0.0,0.0,0.0,0.0
2025-06-27,TEC22,RandomForest_custom_with_window,mint,hierarchical_reconciled,0.0,0.0,0.0,0.0,0.0,0.0,0.0,0.0,0.0,0.0,0.0,0.0,0.0,0.0,0.0,0.0,0.0,0.0
2025-06-28,TEC22,RandomForest_custom_with_window,mint,hierarchical_reconciled,0.0,0.0,0.0,0.0,0.0,0.0,0.0,0.0,0.0,0.0,0.0,0.0,0.0,0.0,0.0,0.0,0.0,0.0
2025-06-29,TEC22,RandomForest_custom_with_window,mint,hierarchical_reconciled,0.0,0.0,0.0,0.0,0.0,0.0,0.0,0.0,0.0,0.0,0.0,0.0,0.0,0.0,0.0,0.0,0.0,0.0
2025-06-30,TEC22,RandomForest_custom_with_window,mint,hierarchical_reconciled,0.0,0.0,0.0,0.0,0.0,0.0,0.0,0.0,0.0,0.0,0.0,0.0,0.0,0.0,0.0,0.0,0.0,0.0
2025-07-01,TEC22,RandomForest_custom_with_window,mint,hierarchical_reconciled,0.0,0.0,0.0,0.0,0.0,0.0,0.0,0.0,0.0,0.0,0.0,0.0,0.0,0.0,0.0,0.0,0.0,0.0
2025-07-02,TEC22,RandomForest_custom_with_window,mint,hierarchical_reconciled,0.0,0.0,0.0,0.0,0.0,0.0,0.0,0.0,0.0,0.0,0.0,0.0,0.0,0.0,0.0,0.0,0.0,0.0
2025-07-03,TEC22,RandomForest_custom_with_window,mint,hierarchical_reconciled,0.0,0.0,0.0,0.0,0.0,0.0,0.0,0.0,0.0,0.0,0.0,0.0,0.0,0.0,0.0,0.0,0.0,0.0
2025-07-04,TEC22,RandomForest_custom_with_window,mint,hierarchical_reconciled,0.0,0.0,0.0,0.0,0.0,0.0,0.0,0.0,0.0,0.0,0.0,0.0,0.0,0.0,0.0,0.0,0.0,0.0
2025-07-05,TEC22,RandomForest_custom_with_window,mint,hierarchical_reconciled,0.0,0.0,0.0,0.0,0.0,0.0,0.0,0.0,0.0,0.0,0.0,0.0,0.0,0.0,0.0,0.0,0.0,0.0
2025-07-06,TEC22,RandomForest_custom_with_window,mint,hierarchical_reconciled,0.0,0.0,0.0,0.0,0.0,0.0,0.0,0.0,0.0,0.0,0.0,0.0,0.0,0.0,0.0,0.0,0.0,0.0
2025-07-07,TEC22,RandomForest_custom_with_window,mint,hierarchical_reconciled,0.0,0.0,0.0,0.0,0.0,0.0,0.0,0.0,0.0,0.0,0.0,0.0,0.0,0.0,0.0,0.0,0.0,0.0
2025-07-08,TEC22,RandomForest_custom_with_window,mint,hierarchical_reconciled,0.0,0.0,0.0,0.0,0.0,0.0,0.0,0.0,0.0,0.0,0.0,0.0,0.0,0.0,0.0,0.0,0.0,0.0
2025-07-09,TEC22,RandomForest_custom_with_window,mint,hierarchical_reconciled,326.80398113951554,213.2116667,4.450691339404248,0.0,0.0,0.0,1.950765288539056,0.0,0.0,0.0,3.7061432906279674,0.0,0.0,0.0,316.6963812209443,213.2116667,206.82317,453.64634
2025-07-10,TEC22,RandomForest_custom_with_window,mint,hierarchical_reconciled,340.20989665455176,362.4120833,-8.18613412288319,0.0,0.0,0.0,-3.5880327518699056,0.0,0.0,0.0,-6.816690653673966,0.0,0.0,0.0,358.80075418297884,362.4120833,209.12304,458.24608
2025-07-11,TEC22,RandomForest_custom_with_window,mint,hierarchical_reconciled,359.55418492928186,337.7325,0.18902428560197548,0.0,0.0,0.0,0.08285050274736622,0.0,0.0,0.0,0.15740275710584142,0.0,0.0,0.0,359.1249073838267,337.7325,205.44799,450.89598
2025-07-12,TEC22,RandomForest_custom_with_window,mint,hierarchical_reconciled,340.37208527770593,346.8683333,0.7814786208120192,0.0,0.0,0.0,0.34252686851551745,0.0,0.0,0.0,0.6507464855289626,0.0,0.0,0.0,338.5973333028495,346.8683333,199.816865,439.63373
2025-07-13,TEC22,RandomForest_custom_with_window,mint,hierarchical_reconciled,341.2400929238791,342.5545833,1.2804207196469048,0.0,0.0,0.0,0.5612162480239637,0.0,0.0,0.0,1.066221469299971,0.0,0.0,0.0,338.3322344869083,342.5545833,199.02258,438.04516
2025-07-14,TEC22,RandomForest_custom_with_window,mint,hierarchical_reconciled,336.8654174692509,339.90125,-0.5526718497544771,0.0,0.0,0.0,-0.24223945860021368,0.0,0.0,0.0,-0.46021638250943625,0.0,0.0,0.0,338.12054516011506,339.90125,199.698315,439.39663
2025-07-15,TEC22,RandomForest_custom_with_window,mint,hierarchical_reconciled,343.5933007210186,329.6429167,2.030030385500827,0.0,0.0,0.0,0.8897747582838536,0.0,0.0,0.0,1.690430299307564,0.0,0.0,0.0,338.9830652779264,329.6429167,200.457035,440.91407
2025-07-16,TEC22,RandomForest_custom_with_window,mint,hierarchical_reconciled,340.920745739092,343.4595833,3.374652429348318,0.0,0.0,0.0,1.4791308401399574,0.0,0.0,0.0,2.810112970203125,0.0,0.0,0.0,333.25684949940063,343.4595833,200.65857,441.31714
2025-07-17,TEC22,RandomForest_custom_with_window,mint,hierarchical_reconciled,338.44899528540856,346.8183333,-1.4858341122004657,0.0,0.0,0.0,-0.6512501967831771,0.0,0.0,0.0,-1.2372716295026756,0.0,0.0,0.0,341.8233512238949,346.8183333,201.642535,443.28507
2025-07-18,TEC22,RandomForest_custom_with_window,mint,hierarchical_reconciled,353.5610223015638,357.1679167,2.0200814646760796,0.0,0.0,0.0,0.8854140853179436,0.0,0.0,0.0,1.6821457153290755,0.0,0.0,0.0,348.97338103624077,357.1679167,202.12859,444.25718
2025-07-19,TEC22,RandomForest_custom_with_window,mint,hierarchical_reconciled,354.736473646314,314.92125,2.9291232000733505,0.0,0.0,0.0,1.2838526486813882,0.0,0.0,0.0,2.439115514316397,0.0,0.0,0.0,348.0843822832429,314.92125,201.879635,443.75927
2025-07-20,TEC22,RandomForest_custom_with_window,mint,hierarchical_reconciled,327.4482261050446,358.9891667,-5.976335248971544,0.0,0.0,0.0,-2.6194643634683263,0.0,0.0,0.0,-4.976565008995767,0.0,0.0,0.0,341.02059072648035,358.9891667,201.429145,442.85829
2025-07-21,TEC22,RandomForest_custom_with_window,mint,hierarchical_reconciled,348.83184412172494,345.6633333,1.7747932018560122,0.0,0.0,0.0,0.7779027365620703,0.0,0.0,0.0,1.4778912792885772,0.0,0.0,0.0,344.8012569040183,345.6633333,201.10906,442.21812
2025-07-22,TEC22,RandomForest_custom_with_window,mint,hierarchical_reconciled,345.9225100245286,354.30625,0.5582731996790792,0.0,0.0,0.0,0.24469456459795383,0.0,0.0,0.0,0.4648806928059855,0.0,0.0,0.0,344.65466156744566,354.30625,201.36987,442.73974
2025-07-23,TEC22,RandomForest_custom_with_window,mint,hierarchical_reconciled,349.27900212378756,357.9641667,3.324386128687644,0.0,0.0,0.0,1.4570988125212478,0.0,0.0,0.0,2.768255627437328,0.0,0.0,0.0,341.7292615551414,357.9641667,200.148805,440.29761
2025-07-24,TEC22,RandomForest_custom_with_window,mint,hierarchical_reconciled,355.15444518793794,354.6229167,6.064359612544139,0.0,0.0,0.0,2.6580459814480926,0.0,0.0,0.0,5.049863937092114,0.0,0.0,0.0,341.38217565685363,354.6229167,199.413795,438.82759
2025-07-25,TEC22,RandomForest_custom_with_window,mint,hierarchical_reconciled,335.20326497387805,340.9441667,-0.008534203037659109,0.0,0.0,0.0,-0.003740593490273752,0.0,0.0,0.0,-0.0071065317536165105,0.0,0.0,0.0,335.22264630215966,340.9441667,198.24015,436.4803
2025-07-26,TEC22,RandomForest_custom_with_window,mint,hierarchical_reconciled,336.80940378940517,330.8708333,-0.4429890288556671,0.0,0.0,0.0,-0.1941648060481285,0.0,0.0,0.0,-0.36888220096952884,0.0,0.0,0.0,337.8154398252786,330.8708333,199.342665,438.68533
2025-07-27,TEC22,RandomForest_custom_with_window,mint,hierarchical_reconciled,332.0015488890306,322.4083333,-1.818530059315182,0.0,0.0,0.0,-0.7970728692122832,0.0,0.0,0.0,-1.5143114775149935,0.0,0.0,0.0,336.13146329507305,322.4083333,199.152985,438.30597
2025-07-28,TEC22,RandomForest_custom_with_window,mint,hierarchical_reconciled,332.34710938987405,345.3495833,-1.7389161866647624,0.0,0.0,0.0,-0.7621776209443137,0.0,0.0,0.0,-1.448016064631174,0.0,0.0,0.0,336.29621926211433,345.3495833,199.3071,438.6142
2025-07-29,TEC22,RandomForest_custom_with_window,mint,hierarchical_reconciled,328.10128050713064,290.9729167,-1.8459594748880461,0.0,0.0,0.0,-0.8090953501492866,0.0,0.0,0.0,-1.537152276109854,0.0,0.0,0.0,332.29348760827787,290.9729167,198.16902,436.33804
2025-07-30,TEC22,RandomForest_custom_with_window,mint,hierarchical_reconciled,316.1868119078906,337.545,-4.225945608247267,0.0,0.0,0.0,-1.852257857298792,0.0,0.0,0.0,-3.518994863539804,0.0,0.0,0.0,325.78401023697654,337.545,197.351025,434.70205
2025-07-31,TEC22,RandomForest_custom_with_window,mint,hierarchical_reconciled,349.4673387633781,348.6479167,4.737541723188982,0.0,0.0,0.0,2.076493569612408,0.0,0.0,0.0,3.9450069961079657,0.0,0.0,0.0,338.7082964744688,348.6479167,200.58744000000002,441.17488000000003
2025-08-01,TEC22,RandomForest_custom_with_window,mint,hierarchical_reconciled,346.2847875869878,312.19375,2.088884430651485,0.0,0.0,0.0,0.9155708469394588,0.0,0.0,0.0,1.7394387584272255,0.0,0.0,0.0,341.54089355096966,312.19375,200.2555,440.511
2025-08-02,TEC22,RandomForest_custom_with_window,mint,hierarchical_reconciled,316.7736555094479,355.5645833,-12.798969772648718,0.0,0.0,0.0,-5.609866885284063,0.0,0.0,0.0,-10.657853428272613,0.0,0.0,0.0,345.8403455956534,355.5645833,203.64603,447.29206
2025-08-03,TEC22,RandomForest_custom_with_window,mint,hierarchical_reconciled,350.1368070594133,362.2795833,-0.3710951932291154,0.0,0.0,0.0,-0.16265329731721662,0.0,0.0,0.0,-0.30901535417521375,0.0,0.0,0.0,350.9795709041349,362.2795833,201.32245,442.6449
2025-08-04,TEC22,RandomForest_custom_with_window,mint,hierarchical_reconciled,350.3233184696601,363.3354167,2.1079965622623376,0.0,0.0,0.0,0.9239478113463966,0.0,0.0,0.0,1.7553536563470316,0.0,0.0,0.0,345.5360204397044,363.3354167,200.053965,440.10793
2025-08-05,TEC22,RandomForest_custom_with_window,mint,hierarchical_reconciled,368.06208108554154,345.2216667,6.249770611110148,0.0,0.0,0.0,2.7393127583449077,0.0,0.0,0.0,5.204257867369939,0.0,0.0,0.0,353.8687398487166,345.2216667,202.01004,444.02008
2025-08-06,TEC22,RandomForest_custom_with_window,mint,hierarchical_reconciled,340.0415576095604,360.5779167,-6.732550272978353,0.0,0.0,0.0,-2.9509180426852057,0.0,0.0,0.0,-5.606274198820203,0.0,0.0,0.0,355.3313001240443,360.5779167,203.989825,447.97965
2025-08-07,TEC22,RandomForest_custom_with_window,mint,hierarchical_reconciled,353.5866940692743,361.6225,-4.036322344005967,0.0,0.0,0.0,-1.7691448185431318,0.0,0.0,0.0,-3.361093329840342,0.0,0.0,0.0,362.75325456166377,361.6225,205.554685,451.10937
2025-08-08,TEC22,RandomForest_custom_with_window,mint,hierarchical_reconciled,352.1053680091726,360.3895833,-5.706755879286714,0.0,0.0,0.0,-2.501306073714225,0.0,0.0,0.0,-4.752083081120056,0.0,0.0,0.0,365.06551304329366,360.3895833,206.183,452.366
2025-08-09,TEC22,RandomForest_custom_with_window,mint,hierarchical_reconciled,349.934056200904,335.1108333,-5.2215469319734416,0.0,0.0,0.0,-2.288636018676437,0.0,0.0,0.0,-4.348043854962802,0.0,0.0,0.0,361.7922830065167,335.1108333,205.483555,450.96711
2025-08-10,TEC22,RandomForest_custom_with_window,mint,hierarchical_reconciled,348.4030047751403,346.4545833,-4.982339748294899,0.0,0.0,0.0,-2.18379004417402,0.0,0.0,0.0,-4.148853205408807,0.0,0.0,0.0,359.7179877730181,346.4545833,205.175325,450.35065
2025-08-11,TEC22,RandomForest_custom_with_window,mint,hierarchical_reconciled,361.7491507669201,314.4091667,-1.0031967755351163,0.0,0.0,0.0,-0.43970729445157214,0.0,0.0,0.0,-0.8353738139313394,0.0,0.0,0.0,364.02742865083815,314.4091667,205.483555,450.96711
2025-08-12,TEC22,RandomForest_custom_with_window,mint,hierarchical_reconciled,330.2657271215139,341.5241667,-12.482684301884033,0.0,0.0,0.0,-5.471237025204941,0.0,0.0,0.0,-10.394478777907722,0.0,0.0,0.0,358.6141272265107,341.5241667,205.768075,451.53615
2025-08-13,TEC22,RandomForest_custom_with_window,mint,hierarchical_reconciled,351.9216538049262,327.4495833,-5.181752124194214,0.0,0.0,0.0,-2.2711937105584834,0.0,0.0,0.0,-4.314906248104492,0.0,0.0,0.0,363.68950588778347,327.4495833,205.9459,451.8918
2025-08-14,TEC22,RandomForest_custom_with_window,mint,hierarchical_reconciled,334.7554563830334,343.2120833,-9.52540103310601,0.0,0.0,0.0,-4.175041645841287,0.0,0.0,0.0,-7.93191404149641,0.0,0.0,0.0,356.38781310347713,343.2120833,204.867095,449.73419
2025-08-15,TEC22,RandomForest_custom_with_window,mint,hierarchical_reconciled,337.00736523644593,360.9433333,-7.599826073026482,0.0,0.0,0.0,-3.331050340637456,0.0,0.0,0.0,-6.328465009720766,0.0,0.0,0.0,354.26670665983073,360.9433333,203.95426,447.90852
2025-08-16,TEC22,RandomForest_custom_with_window,mint,hierarchical_reconciled,351.4947081306337,385.1491667,-5.562157376065276,0.0,0.0,0.0,-2.4379276636317924,0.0,0.0,0.0,-4.631674198166455,0.0,0.0,0.0,364.12646736849723,385.1491667,205.886625,451.77325
2025-08-17,TEC22,RandomForest_custom_with_window,mint,hierarchical_reconciled,392.83444217373847,382.7729167,6.025519119865403,0.0,0.0,0.0,2.6410219554868584,0.0,0.0,0.0,5.0175209996990855,0.0,0.0,0.0,379.15038009868715,382.7729167,208.020525,456.04105
2025-08-18,TEC22,RandomForest_custom_with_window,mint,hierarchical_reconciled,387.0934428728189,382.1608333,5.396959364168905,0.0,0.0,0.0,2.3655203626602783,0.0,0.0,0.0,4.49411186082918,0.0,0.0,0.0,374.8368512851606,382.1608333,207.664875,455.32975
2025-08-19,TEC22,RandomForest_custom_with_window,mint,hierarchical_reconciled,384.12584561049164,375.94875,4.059475029271793,0.0,0.0,0.0,1.779292782378037,0.0,0.0,0.0,3.380372844552557,0.0,0.0,0.0,374.9067049542893,375.94875,207.309225,454.61845
2025-08-20,TEC22,RandomForest_custom_with_window,mint,hierarchical_reconciled,377.6920077285073,374.7508333,0.8463511188260702,0.0,0.0,0.0,0.37096088194309573,0.0,0.0,0.0,0.7047665814930235,0.0,0.0,0.0,375.76992914624515,374.7508333,209.727645,459.45529
2025-08-21,TEC22,RandomForest_custom_with_window,mint,hierarchical_reconciled,372.8874721997152,397.40125,-3.6156875014535728,0.0,0.0,0.0,-1.584777989341465,0.0,0.0,0.0,-3.010825724057861,0.0,0.0,0.0,381.09876341456817,397.40125,210.80645,461.6129
2025-08-22,TEC22,RandomForest_custom_with_window,mint,hierarchical_reconciled,382.5603117083894,383.3079167,0.5941385320131221,0.0,0.0,0.0,0.26041455954787984,0.0,0.0,0.0,0.4947461790101458,0.0,0.0,0.0,381.2110124378183,383.3079167,209.561675,459.12335
2025-08-23,TEC22,RandomForest_custom_with_window,mint,hierarchical_reconciled,380.9662109727566,394.6358333,0.425463966387011,0.0,0.0,0.0,0.18648346377190736,0.0,0.0,0.0,0.354288874285343,0.0,0.0,0.0,379.9999746683124,394.6358333,209.78692,459.57384
2025-08-24,TEC22,RandomForest_custom_with_window,mint,hierarchical_reconciled,392.1021601651698,387.3333333,3.5270033596354593,0.0,0.0,0.0,1.545907186513263,0.0,0.0,0.0,2.936977390816965,0.0,0.0,0.0,384.0922722282042,387.3333333,210.272975,460.54595
2025-08-25,TEC22,RandomForest_custom_with_window,mint,hierarchical_reconciled,376.5780446195056,373.7266667,-0.8906828550883772,0.0,0.0,0.0,-0.39039175361824446,0.0,0.0,0.0,-0.7416821423310073,0.0,0.0,0.0,378.60080137054325,373.7266667,211.3992,462.7984
2025-08-26,TEC22,RandomForest_custom_with_window,mint,hierarchical_reconciled,370.8398597253639,373.7041667,-4.270155228163265,0.0,0.0,0.0,-1.871635204630905,0.0,0.0,0.0,-3.555808736652563,0.0,0.0,0.0,380.5374588948107,373.7041667,211.079115,462.15823
2025-08-27,TEC22,RandomForest_custom_with_window,mint,hierarchical_reconciled,362.89796917145213,396.3829167,-5.658525938771678,0.0,0.0,0.0,-2.4801665952264598,0.0,0.0,0.0,-4.711921439519659,0.0,0.0,0.0,375.74858314497,396.3829167,209.57353,459.14706
2025-08-28,TEC22,RandomForest_custom_with_window,mint,hierarchical_reconciled,386.62584360089653,355.00375,2.741538885855261,0.0,0.0,0.0,1.2016332942158638,0.0,0.0,0.0,2.2829118384039844,0.0,0.0,0.0,380.3997595824215,355.00375,208.897795,457.79559
2025-08-29,TEC22,RandomForest_custom_with_window,mint,hierarchical_reconciled,346.5620813781638,372.7104167,-11.940813834197813,0.0,0.0,0.0,-5.233731878557718,0.0,0.0,0.0,-9.943256833931368,0.0,0.0,0.0,373.6798839248507,372.7104167,210.10700500000002,460.21401000000003
2025-08-30,TEC22,RandomForest_custom_with_window,mint,hierarchical_reconciled,359.47389615076224,354.0795833,-4.179439874095679,0.0,0.0,0.0,-1.831874109026319,0.0,0.0,0.0,-3.4802689889603617,0.0,0.0,0.0,368.9654791228446,354.0795833,207.67673,455.35346
2025-08-31,TEC22,RandomForest_custom_with_window,mint,hierarchical_reconciled,342.43903848026565,387.0404167,-10.047327012866711,0.0,0.0,0.0,-4.403805001208053,0.0,0.0,0.0,-8.36652797461034,0.0,0.0,0.0,365.2566984689508,387.0404167,207.190675,454.38135
2025-09-01,TEC22,RandomForest_custom_with_window,mint,hierarchical_reconciled,393.75646480148254,372.0879167,2.4217694142880943,0.0,0.0,0.0,1.0614763752345504,0.0,0.0,0.0,2.0166360193859667,0.0,0.0,0.0,388.25658299257395,372.0879167,208.00867,456.01734
2025-09-02,TEC22,RandomForest_custom_with_window,mint,hierarchical_reconciled,371.7198657108502,379.22,-5.865138648813342,0.0,0.0,0.0,-2.5707262121901993,0.0,0.0,0.0,-4.883970285571942,0.0,0.0,0.0,385.0397008574257,379.22,208.60142,457.20284
2025-09-03,TEC22,RandomForest_custom_with_window,mint,hierarchical_reconciled,373.3007906622445,378.2179167,-1.2440408436065948,0.0,0.0,0.0,-0.5452707254144724,0.0,0.0,0.0,-1.035927516469177,0.0,0.0,0.0,376.12602974773483,378.2179167,207.58189,455.16378
2025-09-04,TEC22,RandomForest_custom_with_window,mint,hierarchical_reconciled,382.26654751554895,372.77875,2.3279381838150996,0.0,0.0,0.0,1.020349571906931,0.0,0.0,0.0,1.9385016445777103,0.0,0.0,0.0,376.97975811524924,372.77875,206.621635,453.24327
2025-09-05,TEC22,RandomForest_custom_with_window,mint,hierarchical_reconciled,378.90332179963434,394.7408333,1.0994620836491202,0.0,0.0,0.0,0.4819009689255223,0.0,0.0,0.0,0.9155350739647803,0.0,0.0,0.0,376.406423673095,394.7408333,204.250635,448.50127
2025-09-06,TEC22,RandomForest_custom_with_window,mint,hierarchical_reconciled,388.6640726887385,369.7254167,5.519350956200997,0.0,0.0,0.0,2.419165347481274,0.0,0.0,0.0,4.5960287863241245,0.0,0.0,0.0,376.1295275987321,369.7254167,203.136265,446.27253
2025-09-07,TEC22,RandomForest_custom_with_window,mint,hierarchical_reconciled,376.2556512767339,368.615,1.2770176596550495,0.0,0.0,0.0,0.5597246659750862,0.0,0.0,0.0,1.063387701016658,0.0,0.0,0.0,373.3555212500872,368.615,203.71716,447.43432
2025-09-08,TEC22,RandomForest_custom_with_window,mint,hierarchical_reconciled,198.01656601977336,183.38125,0.12422422954133697,0.0,0.0,0.0,0.0544482410719331,0.0,0.0,0.0,0.10344298441275394,0.0,0.0,0.0,197.73445056474736,183.38125,102.40391,224.80782
2025-09-09,TEC22,RandomForest_custom_with_window,mint,hierarchical_reconciled,183.11590606300317,182.2470833,-4.205639119306951,0.0,0.0,0.0,-1.8433573987551424,0.0,0.0,0.0,-3.502085410153058,0.0,0.0,0.0,192.66698799121832,182.2470833,102.6113725,225.222745
2025-09-10,TEC22,RandomForest_custom_with_window,mint,hierarchical_reconciled,182.8657536663412,181.7470833,-4.115404442346778,0.0,0.0,0.0,-1.803806986872388,0.0,0.0,0.0,-3.426945927970351,0.0,0.0,0.0,192.21191102353075,181.7470833,102.083825,224.16765
2025-09-11,TEC22,RandomForest_custom_with_window,mint,hierarchical_reconciled,183.23816519710155,179.76,-4.045857095080832,0.0,0.0,0.0,-1.773323958369554,0.0,0.0,0.0,-3.3690330297721176,0.0,0.0,0.0,192.42637928032408,179.76,102.083825,224.16765
2025-09-12,TEC22,RandomForest_custom_with_window,mint,hierarchical_reconciled,183.95232561342928,179.1641667,-3.73420874133085,0.0,0.0,0.0,-1.6367265750948903,0.0,0.0,0.0,-3.1095197615614376,0.0,0.0,0.0,192.4327806914165,179.1641667,102.723995,225.44799
2025-09-13,TEC22,RandomForest_custom_with_window,mint,hierarchical_reconciled,179.31549431468574,174.5945833,-5.33988713585418,0.0,0.0,0.0,-2.34050525524317,0.0,0.0,0.0,-4.446587141651997,0.0,0.0,0.0,191.44247384743514,174.5945833,103.3700925,226.740185
2025-09-14,TEC22,RandomForest_custom_with_window,mint,hierarchical_reconciled,180.1667975515457,175.9504167,-4.992547100778067,0.0,0.0,0.0,-2.1882639893194966,0.0,0.0,0.0,-4.1573529884842,0.0,0.0,0.0,191.50496163012747,175.9504167,103.2752525,226.550505
2025-09-15,TEC22,RandomForest_custom_with_window,mint,hierarchical_reconciled,179.63816438288563,183.85875,-5.300839048590214,0.0,0.0,0.0,-2.3233902393030657,0.0,0.0,0.0,-4.414071337793855,0.0,0.0,0.0,191.6764650085728,183.85875,103.35231,226.70462
2025-09-16,TEC22,RandomForest_custom_with_window,mint,hierarchical_reconciled,323.85365849423766,297.9441667,-6.050338176614334,0.0,0.0,0.0,-2.651900300154774,0.0,0.0,0.0,-5.038188121643893,0.0,0.0,0.0,337.5940850926507,297.9441667,208.24577,456.49154
2025-09-17,TEC22,RandomForest_custom_with_window,mint,hierarchical_reconciled,355.1117715808164,323.3716667,-9.6285026344953,0.0,0.0,0.0,-4.220231709551696,0.0,0.0,0.0,-8.01776796375315,0.0,0.0,0.0,376.9782738886167,323.3716667,207.996815,455.99363
2025-09-18,TEC22,RandomForest_custom_with_window,mint,hierarchical_reconciled,367.4498616713688,369.1995833,-8.056907935302066,0.0,0.0,0.0,-3.5313921219363955,0.0,0.0,0.0,-6.709082479672553,0.0,0.0,0.0,385.7472442082799,369.1995833,209.81063,459.62126
2025-09-19,TEC22,RandomForest_custom_with_window,mint,hierarchical_reconciled,369.6685419354162,380.0566667,-8.710292788792879,0.0,0.0,0.0,-3.8177747072580024,0.0,0.0,0.0,-7.25316377093709,0.0,0.0,0.0,389.4497732024043,380.0566667,210.11886,460.23772
2025-09-20,TEC22,RandomForest_custom_with_window,mint,hierarchical_reconciled,386.89887802365354,386.9304167,-3.9507885079420477,0.0,0.0,0.0,-1.7316548140326378,0.0,0.0,0.0,-3.2898682934412933,0.0,0.0,0.0,395.87118963906954,386.9304167,210.35596,460.71192
2025-09-21,TEC22,RandomForest_custom_with_window,mint,hierarchical_reconciled,384.5123733151432,337.5866667,0.7346545529176807,0.0,0.0,0.0,0.32200359261278344,0.0,0.0,0.0,0.6117555306788353,0.0,0.0,0.0,382.84395963893394,337.5866667,206.384535,452.76907
2025-09-22,TEC22,RandomForest_custom_with_window,mint,hierarchical_reconciled,369.34551024036125,362.9895833,-3.892972458786959,0.0,0.0,0.0,-1.7063136853828818,0.0,0.0,0.0,-3.241724185857463,0.0,0.0,0.0,378.18652057038855,362.9895833,207.06027,454.12054
2025-09-23,TEC22,RandomForest_custom_with_window,mint,hierarchical_reconciled,379.76170473066253,370.53375,-7.082206270833587,0.0,0.0,0.0,-3.1041744092875287,0.0,0.0,0.0,-5.897436881571539,0.0,0.0,0.0,395.8455222923552,370.53375,212.999625,464.0
2025-09-24,TEC22,RandomForest_custom_with_window,mint,hierarchical_reconciled,399.39618095686,376.7820833,-1.9291930684028136,0.0,0.0,0.0,-0.8455771442542706,0.0,0.0,0.0,-1.6064618733467038,0.0,0.0,0.0,403.7774130428639,376.7820833,215.21651,464.0
2025-09-25,TEC22,RandomForest_custom_with_window,mint,hierarchical_reconciled,384.65667354344896,382.8745833,-6.66156323212432,0.0,0.0,0.0,-2.9198039876600754,0.0,0.0,0.0,-5.547162450752348,0.0,0.0,0.0,399.78520321398577,382.8745833,214.279965,464.0
2025-09-26,TEC22,RandomForest_custom_with_window,mint,hierarchical_reconciled,392.65372851175033,393.5295833,-4.527583148957124,0.0,0.0,0.0,-1.9844674398702775,0.0,0.0,0.0,-3.770172009392632,0.0,0.0,0.0,402.93595110997046,393.5295833,212.98777,464.0
2025-09-27,TEC22,RandomForest_custom_with_window,mint,hierarchical_reconciled,404.21419160225014,390.5954167,0.011764830986603343,0.0,0.0,0.0,0.00515659751795873,0.0,0.0,0.0,0.009796713836388216,0.0,0.0,0.0,404.18747345990926,390.5954167,212.06308,464.0
2025-09-28,TEC22,RandomForest_custom_with_window,mint,hierarchical_reconciled,395.84854338137785,374.0554167,-3.6323461561670345,0.0,0.0,0.0,-1.5920795797890097,0.0,0.0,0.0,-3.0246975827622773,0.0,0.0,0.0,404.0976667000963,374.0554167,213.023335,464.0
2025-09-29,TEC22,RandomForest_custom_with_window,mint,hierarchical_reconciled,398.4242823533577,449.2825,-2.7358334581751507,0.0,0.0,0.0,-1.1991325703001017,0.0,0.0,0.0,-2.2781608613301074,0.0,0.0,0.0,404.6374092431631,385.5975,216.390155,464.0
2025-09-30,TEC22,RandomForest_custom_with_window,mint,hierarchical_reconciled,558.6211062024761,541.3645833,-14.997020297917105,0.0,0.0,0.0,-6.573285900479756,0.0,0.0,0.0,177.8807389396443,142.545,125.0,250.0,402.3106734612286,398.8195833,216.54427,464.0
2025-10-01,TEC22,RandomForest_custom_with_window,mint,hierarchical_reconciled,580.4076767339328,547.52875,-8.531961804836024,0.0,0.0,0.0,-3.7396111441517803,0.0,0.0,0.0,196.83051841733047,151.615,125.0,250.0,395.8487312655902,395.91375,216.935485,464.0
2025-10-02,TEC22,RandomForest_custom_with_window,mint,hierarchical_reconciled,574.1531573833831,555.3358333,-9.909134443540214,0.0,0.0,0.0,-4.343234351208307,0.0,0.0,0.0,197.23699602086756,165.82,125.0,250.0,391.1685301572642,389.5158333,216.461285,464.0
2025-10-03,TEC22,RandomForest_custom_with_window,mint,hierarchical_reconciled,583.6430918633371,596.44375,-7.21910801040309,0.0,0.0,0.0,-3.164179280694475,0.0,0.0,0.0,198.9845466886632,210.335,125.0,250.0,395.04183246577145,386.10875,216.959195,464.0
2025-10-04,TEC22,RandomForest_custom_with_window,mint,hierarchical_reconciled,584.901222762623,568.0754167,-6.247885197840771,0.0,0.0,0.0,-2.738486370154998,0.0,0.0,0.0,202.87540791774055,191.39,125.0,250.0,391.01218641287824,376.6854167,217.46896,464.0
2025-10-05,TEC22,RandomForest_custom_with_window,mint,hierarchical_reconciled,575.9725849079847,588.1533333,-7.722044304449284,0.0,0.0,0.0,-3.384619340441058,0.0,0.0,0.0,198.2661306366187,197.905,125.0,250.0,388.8131179162563,390.2483333,213.95988,464.0
2025-10-06,TEC22,RandomForest_custom_with_window,mint,hierarchical_reconciled,586.3860768701497,691.8041667,-1.6225160045038067,0.0,0.0,0.0,-0.7111587077860997,0.0,0.0,0.0,195.0470321099081,189.655,125.0,250.0,393.67271947253164,384.6891667,212.56099,464.0
2025-10-07,TEC22,RandomForest_custom_with_window,mint,hierarchical_reconciled,700.1759437377189,712.31875,155.91908743953528,177.985,125.0,250.0,-8.547287210918217,0.0,0.0,0.0,165.06663987343265,151.79,125.0,250.0,387.737503635669,382.54375,212.478005,464.0
2025-10-08,TEC22,RandomForest_custom_with_window,mint,hierarchical_reconciled,611.5934945163931,584.9425,214.2600245204219,202.22,125.0,250.0,5.582414459699896,0.0,0.0,0.0,10.605698192843828,0.0,0.0,0.0,381.14535734342735,382.7225,212.20534,464.0
2025-10-09,TEC22,RandomForest_custom_with_window,mint,hierarchical_reconciled,579.2023535407026,571.2483333,206.08859447585115,196.915,125.0,250.0,-2.401015296139442,0.0,0.0,0.0,-4.561546580084169,0.0,0.0,0.0,380.0763209410749,374.3333333,211.89711,463.79422
2025-10-10,TEC22,RandomForest_custom_with_window,mint,hierarchical_reconciled,571.2497610157336,536.4108333,203.4584402281476,199.59,125.0,250.0,-3.7684927277052,0.0,0.0,0.0,-7.1595358604234685,0.0,0.0,0.0,378.7193493757147,336.8208333,212.809945,464.0
2025-10-11,TEC22,RandomForest_custom_with_window,mint,hierarchical_reconciled,524.6537972982352,584.05375,188.6020989009752,203.615,125.0,250.0,-11.474444722394585,0.0,0.0,0.0,-21.799617089471443,0.0,0.0,0.0,369.32576020912603,380.43875,214.113995,464.0
2025-10-12,TEC22,RandomForest_custom_with_window,mint,hierarchical_reconciled,574.0573111649865,566.3595833,205.3586481900155,197.925,125.0,250.0,-4.7292790440002825,0.0,0.0,0.0,-8.984876807786197,0.0,0.0,0.0,382.4128188267575,368.4345833,216.010795,464.0
2025-10-13,TEC22,RandomForest_custom_with_window,mint,hierarchical_reconciled,577.854815308646,591.7333333,206.2327168818923,218.385,125.0,250.0,-4.513281913386426,0.0,0.0,0.0,-8.57451666803869,0.0,0.0,0.0,384.7098970081788,373.3483333,217.433395,464.0
2025-10-14,TEC22,RandomForest_custom_with_window,mint,hierarchical_reconciled,565.4754376616581,587.0004167,204.40738985087154,208.135,125.0,250.0,-7.111391553301124,0.0,0.0,0.0,-13.510511104097585,0.0,0.0,0.0,381.68995046818526,378.8654167,217.480815,464.0
2025-10-15,TEC22,RandomForest_custom_with_window,mint,hierarchical_reconciled,569.0850329071411,605.9975,206.60327452464438,217.51,125.0,250.0,-6.074218415711888,0.0,0.0,0.0,-11.54004736472348,0.0,0.0,0.0,380.096024162932,388.4875,217.101455,464.0
2025-10-16,TEC22,RandomForest_custom_with_window,mint,hierarchical_reconciled,597.3885393969827,630.1970833,216.2840983099006,189.765,125.0,250.0,-1.3359289674688213,0.0,0.0,0.0,-2.538052224236567,0.0,0.0,0.0,384.97842227878743,372.3720833,215.09796,464.0
2025-10-17,TEC22,RandomForest_custom_with_window,mint,hierarchical_reconciled,610.2068750509727,597.6070833,2.404016197553152,0.0,0.0,0.0,1.0536950315453164,0.0,0.0,0.0,210.58727282283294,208.475,125.0,250.0,396.16189099904125,389.1320833,218.86785,464.0
2025-10-18,TEC22,RandomForest_custom_with_window,mint,hierarchical_reconciled,593.7697838971804,589.4229167,-5.65648479983076,0.0,0.0,0.0,-2.479271951520303,0.0,0.0,0.0,207.37878546213676,212.62,125.0,250.0,394.52675518639484,376.8029167,220.136335,464.0
2025-10-19,TEC22,RandomForest_custom_with_window,mint,hierarchical_reconciled,587.8101885719329,587.1458333,-9.382540313491964,0.0,0.0,0.0,-4.112424916963409,0.0,0.0,0.0,208.39903848244947,210.72,125.0,250.0,392.90611531993886,376.4258333,220.00593,464.0
2025-10-20,TEC22,RandomForest_custom_with_window,mint,hierarchical_reconciled,585.4421332889456,598.4866667,-9.088374766277669,0.0,0.0,0.0,-3.983490354930504,0.0,0.0,0.0,207.3130367997965,208.47,125.0,250.0,391.20096161035724,390.0166667,217.101455,464.0
2025-10-21,TEC22,RandomForest_custom_with_window,mint,hierarchical_reconciled,587.2463692013172,522.7141667,-5.1623859515415615,0.0,0.0,0.0,-2.2627053984061605,0.0,0.0,0.0,204.05165822087025,190.79,125.0,250.0,390.6198023303946,331.9241667,216.53241500000001,464.0
2025-10-22,TEC22,RandomForest_custom_with_window,mint,hierarchical_reconciled,578.4123173840981,606.4766667,-10.42794726209319,0.0,0.0,0.0,-4.570633188939838,0.0,0.0,0.0,198.17354642551103,212.01,125.0,250.0,395.23735140962003,394.4666667,219.259065,464.0
2025-10-23,TEC22,RandomForest_custom_with_window,mint,hierarchical_reconciled,600.7007849084969,605.8154167,-1.3654410603926685,0.0,0.0,0.0,-0.598481184389874,0.0,0.0,0.0,211.59637229138542,213.865,125.0,250.0,391.06833486189385,391.9504167,216.6154,464.0
2025-10-24,TEC22,RandomForest_custom_with_window,mint,hierarchical_reconciled,598.659362066792,602.165,-1.487870775785817,0.0,0.0,0.0,-0.6521428789136492,0.0,0.0,0.0,208.19265336515247,212.33,125.0,250.0,392.606722356339,389.835,216.627255,464.0
2025-10-25,TEC22,RandomForest_custom_with_window,mint,hierarchical_reconciled,587.9265393120698,586.0225,-1.7653341063397698,0.0,0.0,0.0,-0.773756757030742,0.0,0.0,0.0,200.83671723070626,205.04,125.0,250.0,389.62891294473405,380.9825,212.833655,464.0
2025-10-26,TEC22,RandomForest_custom_with_window,mint,hierarchical_reconciled,580.9268296961766,575.59,-4.572902322539949,0.0,0.0,0.0,-2.0043311113740923,0.0,0.0,0.0,194.85648773300412,203.69,125.0,250.0,392.6475753970865,371.9,213.521245,464.0
2025-10-27,TEC22,RandomForest_custom_with_window,mint,hierarchical_reconciled,573.2598061912464,583.4241667,-9.031941024633266,0.0,0.0,0.0,-3.9587551001336645,0.0,0.0,0.0,193.6823501891179,203.09,125.0,250.0,392.56815212689537,380.3341667,215.14538,464.0
2025-10-28,TEC22,RandomForest_custom_with_window,mint,hierarchical_reconciled,584.5750766347126,588.7925,-6.393732648753874,0.0,0.0,0.0,-2.8024122016644286,0.0,0.0,0.0,198.46820972133204,200.46,125.0,250.0,395.3030117637989,388.3325,216.413865,464.0
2025-10-29,TEC22,RandomForest_custom_with_window,mint,hierarchical_reconciled,585.2246307840139,593.7595833,-6.075399077792787,0.0,0.0,0.0,-2.662884646718171,0.0,0.0,0.0,199.90617339091065,205.055,125.0,250.0,394.05674111761425,388.7045833,216.40201,464.0
2025-10-30,TEC22,RandomForest_custom_with_window,mint,hierarchical_reconciled,585.613762115243,588.9133333,-5.36491838732891,0.0,0.0,0.0,-2.3514766061597268,0.0,0.0,0.0,199.93098987795,205.635,125.0,250.0,393.39916723078164,383.2783333,216.11749,464.0
2025-10-31,TEC22,RandomForest_custom_with_window,mint,hierarchical_reconciled,584.461711743688,519.9558333,-6.106172579911775,0.0,0.0,0.0,-2.676372861281374,0.0,0.0,0.0,199.22494708771478,197.125,125.0,250.0,394.0193100971664,322.8308333,216.413865,464.0
2025-11-01,TEC22,RandomForest_custom_with_window,mint,hierarchical_reconciled,550.5711171671616,553.8358333,-22.04990435438308,0.0,0.0,0.0,-9.664608203519174,0.0,0.0,0.0,192.11791062662462,189.11,125.0,250.0,390.16771909843914,364.7258333,216.722095,464.0
2025-11-02,TEC22,RandomForest_custom_with_window,mint,hierarchical_reconciled,569.5549978435697,553.8595833,-14.85546585497398,0.0,0.0,0.0,-6.511241720671777,0.0,0.0,0.0,198.95333980875048,202.0,125.0,250.0,391.9683656104649,351.8595833,216.59169,464.0
2025-11-03,TEC22,RandomForest_custom_with_window,mint,hierarchical_reconciled,565.7637830805212,567.8054167,-15.531611169227274,0.0,0.0,0.0,-6.8076003554249604,0.0,0.0,0.0,197.4603602281474,208.22,125.0,250.0,390.642634377026,359.5854167,215.35877,464.0
2025-11-04,TEC22,RandomForest_custom_with_window,mint,hierarchical_reconciled,568.1738439446918,590.2958333,-13.928615275783482,0.0,0.0,0.0,-6.104997431938596,0.0,0.0,0.0,196.8957803169339,206.41,125.0,250.0,391.31167633547994,383.8858333,215.24022,464.0
2025-11-05,TEC22,RandomForest_custom_with_window,mint,hierarchical_reconciled,583.961900778487,579.8716667,-7.173274506675197,0.0,0.0,0.0,-3.1440901751362405,0.0,0.0,0.0,201.0318985336041,205.785,125.0,250.0,393.2473669266944,374.0866667,213.070755,464.0
2025-11-06,TEC22,RandomForest_custom_with_window,mint,hierarchical_reconciled,575.4787402512528,682.8316667,-9.499028848805073,0.0,0.0,0.0,-4.163482555849693,0.0,0.0,0.0,198.2677455082928,199.11,125.0,250.0,390.8735061476147,384.1616667,213.31971,464.0
2025-11-07,TEC22,RandomForest_custom_with_window,mint,hierarchical_reconciled,616.4508933227643,589.3829167,209.61675250233952,203.03,125.0,250.0,3.3433620645782987,0.0,0.0,0.0,6.351855323946492,0.0,0.0,0.0,397.1389234318999,383.2229167,213.91246,464.0
2025-11-08,TEC22,RandomForest_custom_with_window,mint,hierarchical_reconciled,579.1697784363522,542.9475,211.56445640075728,200.305,125.0,250.0,-6.451002320564633,0.0,0.0,0.0,-12.25587676213519,0.0,0.0,0.0,386.31220111829475,342.6425,216.33088,464.0
2025-11-09,TEC22,RandomForest_custom_with_window,mint,hierarchical_reconciled,564.5633369224704,591.8441667,206.72298485297375,210.13,125.0,250.0,-8.669564807407735,0.0,0.0,0.0,-16.470792069352992,0.0,0.0,0.0,382.9807089462573,381.7145833,215.85668,464.0
2025-11-10,TEC22,RandomForest_custom_with_window,mint,hierarchical_reconciled,576.1632474877621,589.6675,209.3344812368115,212.27,125.0,250.0,-7.525991234961672,0.0,0.0,0.0,-14.298184453377583,0.0,0.0,0.0,388.6529419392898,377.3975,218.476635,464.0
2025-11-11,TEC22,RandomForest_custom_with_window,mint,hierarchical_reconciled,568.2279772655372,594.305,208.09198829983896,221.105,125.0,250.0,-8.41291568690649,0.0,0.0,0.0,-15.98319962469573,0.0,0.0,0.0,384.5321042773004,373.2,218.32252,464.0
2025-11-12,TEC22,RandomForest_custom_with_window,mint,hierarchical_reconciled,567.9201926203303,590.6120833,207.6874880753634,220.26,125.0,250.0,-8.820587857713061,0.0,0.0,0.0,-16.757711806908084,0.0,0.0,0.0,385.81100420958813,370.3520833,217.06589,464.0
2025-11-13,TEC22,RandomForest_custom_with_window,mint,hierarchical_reconciled,562.5602190581112,643.3404167,205.61439590027032,220.615,125.0,250.0,-9.664022478685729,0.0,0.0,0.0,-18.36010322732453,0.0,0.0,0.0,384.9699488638511,371.8708333,217.22000500000001,464.0
2025-11-14,TEC22,RandomForest_custom_with_window,mint,hierarchical_reconciled,704.3645897781859,775.1095833,179.6797067981623,190.665,125.0,250.0,-13.626395893209018,0.0,0.0,0.0,152.67887978798518,199.29,125.0,250.0,385.63239908524747,385.1545833,220.041495,464.0
2025-11-15,TEC22,RandomForest_custom_with_window,mint,hierarchical_reconciled,633.4310933272359,617.1733333,204.174483730935,200.085,125.0,250.0,3.0563690398458503,0.0,0.0,0.0,214.74166533472632,210.55,125.0,250.0,211.4585752217285,206.5383333,111.3959275,232.0
2025-11-16,TEC22,RandomForest_custom_with_window,mint,hierarchical_reconciled,615.1839147774829,620.68,201.07193517070633,203.45,125.0,250.0,1.2766678007437047,0.0,0.0,0.0,209.20127416956709,216.44,125.0,250.0,203.63403763646568,200.79,110.4830925,232.0
2025-11-17,TEC22,RandomForest_custom_with_window,mint,hierarchical_reconciled,613.7398423282158,637.3004167,198.62677722882634,214.06,125.0,250.0,0.19579020409068087,0.0,0.0,0.0,212.76354672476361,219.37,125.0,250.0,202.15372817053506,203.8708333,111.3366525,232.0
2025-11-18,TEC22,RandomForest_custom_with_window,mint,hierarchical_reconciled,621.4389308004799,649.4658333,200.48446937985474,217.625,125.0,250.0,0.5244446404750142,0.0,0.0,0.0,216.66630466604727,229.66,125.0,250.0,203.7637121141026,202.1808333,111.7160125,232.0
2025-11-19,TEC22,RandomForest_custom_with_window,mint,hierarchical_reconciled,633.1106070088367,657.14125,205.42516710980237,223.375,125.0,250.0,2.025591576125325,0.0,0.0,0.0,218.8776529497782,233.14,125.0,250.0,206.7821953731307,200.62625,112.397675,232.0
2025-11-20,TEC22,RandomForest_custom_with_window,mint,hierarchical_reconciled,645.0970146309672,657.4141667,211.1673379858856,223.06,125.0,250.0,4.994036935322918,0.0,0.0,0.0,219.38431462314782,233.3,125.0,250.0,209.5513250866107,201.0541667,110.951365,232.0
2025-11-21,TEC22,RandomForest_custom_with_window,mint,hierarchical_reconciled,644.3645318139254,642.1116667,210.76477854935195,217.395,125.0,250.0,5.2956653708517765,0.0,0.0,0.0,218.61732970982425,228.395,125.0,250.0,209.68675818389727,196.3216667,110.951365,232.0
2025-11-22,TEC22,RandomForest_custom_with_window,mint,hierarchical_reconciled,620.1669160865515,649.3841667,202.08251585654074,215.855,125.0,250.0,1.5506223001162125,0.0,0.0,0.0,211.7710784033658,228.77,125.0,250.0,204.7626995265287,204.7591667,111.0402775,232.0
2025-11-23,TEC22,RandomForest_custom_with_window,mint,hierarchical_reconciled,625.3928918802817,647.1404167,204.2303117013013,216.095,125.0,250.0,2.4554052832488873,0.0,0.0,0.0,212.67742179903638,226.85,125.0,250.0,206.0297530966949,204.1954167,110.7201925,232.0
2025-11-24,TEC22,RandomForest_custom_with_window,mint,hierarchical_reconciled,622.6931814255017,658.3666667,201.98075735560394,221.595,125.0,250.0,1.281253198536293,0.0,0.0,0.0,215.04851532264982,232.45,125.0,250.0,204.38265554871148,204.3216667,111.41371,232.0
2025-11-25,TEC22,RandomForest_custom_with_window,mint,hierarchical_reconciled,644.6546105705487,654.8675,210.84891634787581,219.555,125.0,250.0,5.118133598990781,0.0,0.0,0.0,219.028153584965,228.145,125.0,250.0,209.659407038717,207.1675,111.117335,232.0
2025-11-26,TEC22,RandomForest_custom_with_window,mint,hierarchical_reconciled,645.1725434460081,654.1358333,209.6772794922978,222.25,125.0,250.0,4.735725001709918,0.0,0.0,0.0,221.65005780465913,222.775,125.0,250.0,209.10948114734117,209.1108333,111.41963750000001,232.0
2025-11-27,TEC22,RandomForest_custom_with_window,mint,hierarchical_reconciled,649.1922156953598,629.2745833,210.35314845296745,205.475,125.0,250.0,3.994160036751475,0.0,0.0,0.0,224.27696893713704,219.45,125.0,250.0,210.56793826850355,204.3495833,112.35,232.0
2025-11-28,TEC22,RandomForest_custom_with_window,mint,hierarchical_reconciled,622.9303363103621,629.6404167,200.37911968569233,203.56,125.0,250.0,0.43398293282618056,0.0,0.0,0.0,218.46425497466115,219.46,125.0,250.0,203.65297871718224,206.6204167,111.330725,232.0
2025-11-29,TEC22,RandomForest_custom_with_window,mint,hierarchical_reconciled,621.1151625402666,630.6683333,202.49166223483007,215.79,125.0,250.0,2.061808983146648,0.0,0.0,0.0,211.3377700089234,213.94,125.0,250.0,205.22392131336633,200.9383333,110.406035,232.0
2025-11-30,TEC22,RandomForest_custom_with_window,mint,hierarchical_reconciled,618.7162419883974,629.8320833,202.54915100429702,213.475,125.0,250.0,1.9024576966156674,0.0,0.0,0.0,209.7169196090632,212.61,125.0,250.0,204.54771367842136,203.7470833,110.22821,232.0
2025-12-01,TEC22,RandomForest_custom_with_window,mint,hierarchical_reconciled,616.820239776775,637.5841667,206.33245228132816,218.55,125.0,250.0,-0.05608131470025898,0.0,0.0,0.0,207.11863452816115,214.135,125.0,250.0,203.42523428198567,204.8991667,110.0563125,232.0
2025-12-02,TEC22,RandomForest_custom_with_window,mint,hierarchical_reconciled,617.105515816368,638.2716667,208.20575359803792,217.99,125.0,250.0,-0.6614468650812004,0.0,0.0,0.0,206.89168062685002,214.88,125.0,250.0,202.669528456561,205.4016667,109.528765,232.0
2025-12-03,TEC22,RandomForest_custom_with_window,mint,hierarchical_reconciled,617.6676939647111,633.75125,208.11128954950323,212.355,125.0,250.0,-0.5469479519789477,0.0,0.0,0.0,204.45569939367928,215.57,125.0,250.0,205.64765297350738,205.82625,110.4712375,232.0
2025-12-04,TEC22,RandomForest_custom_with_window,mint,hierarchical_reconciled,621.4419845467824,649.3595833,205.36220682630793,215.54,125.0,250.0,-0.5336342599693009,0.0,0.0,0.0,210.63789849904572,223.58,125.0,250.0,205.97551348139768,210.2395833,110.79725,232.0
2025-12-05,TEC22,RandomForest_custom_with_window,mint,hierarchical_reconciled,623.3762419628885,649.6583333,208.3498460468578,222.775,125.0,250.0,0.17881604875408133,0.0,0.0,0.0,209.41294112290097,221.8,125.0,250.0,205.43463874437535,205.0833333,110.2104275,232.0
2025-12-06,TEC22,RandomForest_custom_with_window,mint,hierarchical_reconciled,623.52427243486,639.0816667,210.05984817145054,214.195,125.0,250.0,0.2682071218049691,0.0,0.0,0.0,208.05953149784128,220.59,125.0,250.0,205.13668564376312,204.2966667,109.7362275,232.0
2025-12-07,TEC22,RandomForest_custom_with_window,mint,hierarchical_reconciled,617.2083194482657,638.1045833,208.58257267982924,211.35,125.0,250.0,-0.5941951752984401,0.0,0.0,0.0,205.2122189378627,220.52,125.0,250.0,204.00772300587198,206.2345833,110.0918775,232.0
2025-12-08,TEC22,RandomForest_custom_with_window,mint,hierarchical_reconciled,619.1491937456789,651.2941667,206.62135388705022,223.325,125.0,250.0,-1.2595974305145987,0.0,0.0,0.0,207.9247426451981,220.575,125.0,250.0,205.86269464394488,207.3941667,111.0521325,232.0
2025-12-09,TEC22,RandomForest_custom_with_window,mint,hierarchical_reconciled,624.3976816032791,645.9495833,209.0538827632188,222.665,125.0,250.0,0.2599988034931381,0.0,0.0,0.0,209.7165237796435,218.28,125.0,250.0,205.36727625692356,205.0045833,110.074095,232.0
2025-12-10,TEC22,RandomForest_custom_with_window,mint,hierarchical_reconciled,615.6758595661555,652.5133333,207.5750949474416,225.2,125.0,250.0,-1.200625699336928,0.0,0.0,0.0,206.0257066384613,225.135,125.0,250.0,203.27568367958943,202.1783333,109.9377625,232.0
2025-12-11,TEC22,RandomForest_custom_with_window,mint,hierarchical_reconciled,637.0474075549538,653.145,216.52970730223672,223.595,125.0,250.0,2.727328052230246,0.0,0.0,0.0,211.49535757541747,225.17,125.0,250.0,206.29501462506911,204.38,108.888595,232.0
2025-12-12,TEC22,RandomForest_custom_with_window,mint,hierarchical_reconciled,646.7497494315236,654.24375,216.84969284998405,228.425,125.0,250.0,2.5021704842154415,0.0,0.0,0.0,216.6519483711058,225.49,125.0,250.0,210.7459377262182,200.32875,112.326545,232.0
2025-12-13,TEC22,RandomForest_custom_with_window,mint,hierarchical_reconciled,672.1555067598815,657.945,221.4453455608092,225.54,125.0,250.0,3.8874605009009806,0.0,0.0,0.0,230.15719918110955,229.52,125.0,250.0,216.6655015170617,202.885,112.35,232.0
2025-12-14,TEC22,RandomForest_custom_with_window,mint,hierarchical_reconciled,670.1278521948137,656.8808333,217.9131359690351,225.785,125.0,250.0,2.043928399241617,0.0,0.0,0.0,234.631023780223,232.08,125.0,250.0,215.53976404631373,199.0158333,112.35,232.0
2025-12-15,TEC22,RandomForest_custom_with_window,mint,hierarchical_reconciled,656.4255233646205,662.5716667,215.40155447342255,228.41,125.0,250.0,1.6220648339646826,0.0,0.0,0.0,227.39334352678074,235.845,125.0,250.0,212.00856053045237,198.3166667,112.35,232.0
2025-12-16,TEC22,RandomForest_custom_with_window,mint,hierarchical_reconciled,644.8990871323405,661.8104167,215.61962710323118,227.485,125.0,250.0,2.2661286399284317,0.0,0.0,0.0,218.20660547482944,230.97,125.0,250.0,208.80672591435123,203.3554167,109.77772,232.0
2025-12-17,TEC22,RandomForest_custom_with_window,mint,hierarchical_reconciled,641.6512960923455,653.7116667,217.55716251833655,223.825,125.0,250.0,3.2954839575086416,0.0,0.0,0.0,212.80194824775904,223.635,125.0,250.0,207.99670136874118,206.2516667,109.5228375,232.0
2025-12-18,TEC22,RandomForest_custom_with_window,mint,hierarchical_reconciled,639.0097996273216,645.9745833,217.34341557856897,222.835,125.0,250.0,2.9132206190746803,0.0,0.0,0.0,210.03542272134533,214.255,125.0,250.0,208.71774070833249,208.8845833,109.8073575,232.0
2025-12-19,TEC22,RandomForest_custom_with_window,mint,hierarchical_reconciled,617.5064315704732,657.925,208.91860405736858,224.56,125.0,250.0,-0.7430585948755165,0.0,0.0,0.0,205.39569374536265,224.325,125.0,250.0,203.9351923626173,209.04,109.82514,232.0
2025-12-20,TEC22,RandomForest_custom_with_window,mint,hierarchical_reconciled,640.9678067500121,657.4579167,217.13187228525084,225.46,125.0,250.0,2.8970854833112063,0.0,0.0,0.0,212.35498768266888,220.385,125.0,250.0,208.58386129878102,211.6129167,109.647315,232.0
2025-12-21,TEC22,RandomForest_custom_with_window,mint,hierarchical_reconciled,640.3439929592179,645.5066667,218.01040634078413,219.84,125.0,250.0,3.4346286040972163,0.0,0.0,0.0,210.6565614751693,215.17,125.0,250.0,208.24239653916698,210.4966667,109.46949000000001,232.0
2025-12-22,TEC22,RandomForest_custom_with_window,mint,hierarchical_reconciled,620.9618805140595,659.9454167,207.247001120757,229.025,125.0,250.0,-1.4669293994459203,0.0,0.0,0.0,209.4823963500989,223.76,125.0,250.0,205.6994124426493,207.1604167,112.3680375,232.0
2025-12-23,TEC22,RandomForest_custom_with_window,mint,hierarchical_reconciled,658.8979135154779,649.0525,218.25006144807958,226.445,125.0,250.0,2.49903064804519,0.0,0.0,0.0,224.73887194929858,216.66,125.0,250.0,213.40994947005422,205.9475,112.35,232.0
2025-12-24,TEC22,RandomForest_custom_with_window,mint,hierarchical_reconciled,633.9076105799207,658.20125,208.63199018427468,231.41,125.0,250.0,-1.3544327802023113,0.0,0.0,0.0,219.7366573194789,222.34,125.0,250.0,206.89339585636932,204.45125,112.35,232.0
2025-12-25,TEC22,RandomForest_custom_with_window,mint,hierarchical_reconciled,644.9823985684029,667.5704167,215.14488958094546,235.315,125.0,250.0,2.268832173185458,0.0,0.0,0.0,217.36035082453805,228.675,125.0,250.0,210.20832598973382,203.5804167,110.500875,232.0
2025-12-26,TEC22,RandomForest_custom_with_window,mint,hierarchical_reconciled,645.3453420099609,668.5225,214.87120822092243,231.43,125.0,250.0,3.452907997914103,0.0,0.0,0.0,215.70720920813068,228.815,125.0,250.0,211.3140165829936,208.2775,110.58386,232.0
2025-12-27,TEC22,RandomForest_custom_with_window,mint,hierarchical_reconciled,648.2271006126967,650.7575,214.28047299543894,227.845,125.0,250.0,2.922740703537637,0.0,0.0,0.0,219.23540878878103,215.895,125.0,250.0,211.78847812493905,207.0175,111.2299575,232.0
2025-12-28,TEC22,RandomForest_custom_with_window,mint,hierarchical_reconciled,632.1825490220072,657.9416667,208.71508466144323,231.205,125.0,250.0,-0.6002014646667858,0.0,0.0,0.0,216.790723437472,223.355,125.0,250.0,207.27694238775848,203.3816667,111.8642,232.0
2025-12-29,TEC22,RandomForest_custom_with_window,mint,hierarchical_reconciled,651.7058162600606,659.2345833,216.38130205981008,231.92,125.0,250.0,1.9555739941851047,0.0,0.0,0.0,222.2745505643253,228.7,125.0,250.0,211.09438964173998,198.6145833,112.35,232.0
2025-12-30,TEC22,RandomForest_custom_with_window,mint,hierarchical_reconciled,651.9318411677411,659.05875,214.908174562438,233.105,125.0,250.0,1.108728812466002,0.0,0.0,0.0,225.54826405023815,232.35,125.0,250.0,210.36667374259878,193.60375,112.35,232.0
2025-12-31,TEC22,RandomForest_custom_with_window,mint,hierarchical_reconciled,672.5804362817736,658.5229167,219.34470994379106,230.065,125.0,250.0,2.700192684261807,0.0,0.0,0.0,232.5422185720538,233.11,125.0,250.0,217.9933150816667,195.3479167,112.35,232.0
2026-01-01,TEC22,RandomForest_custom_with_window,mint,hierarchical_reconciled,683.8502297295252,596.4270833,225.56886249016628,209.345,125.0,250.0,1.6485736513008544,0.0,0.0,0.0,233.70038816146067,211.795,125.0,250.0,222.93240542659717,175.2870833,112.35,232.0
2026-01-02,TEC22,RandomForest_custom_with_window,mint,hierarchical_reconciled,581.2226918058922,655.4458333,190.31901433972087,227.035,125.0,250.0,-13.825059589898697,0.0,0.0,0.0,204.14519191623268,233.84,125.0,250.0,200.58354513983727,194.5708333,112.35,232.0
2026-01-03,TEC22,RandomForest_custom_with_window,mint,hierarchical_reconciled,686.9081940476948,659.2925,227.5912643417293,227.135,125.0,250.0,1.8148331017466075,0.0,0.0,0.0,233.34348677545375,234.105,125.0,250.0,224.15860982876492,198.0525,112.35,232.0
2026-01-04,TEC22,RandomForest_custom_with_window,mint,hierarchical_reconciled,665.3349555228082,657.4,222.9188965846307,225.965,125.0,250.0,-0.22057926781306159,0.0,0.0,0.0,225.9778318495715,232.88,125.0,250.0,216.65880635641886,198.555,112.35,232.0
2026-01-05,TEC22,RandomForest_custom_with_window,mint,hierarchical_reconciled,681.5283364158221,654.7895833,228.28088314407162,224.57,125.0,250.0,2.1811743950420226,0.0,0.0,0.0,232.30216890035845,233.055,125.0,250.0,218.76410997634983,197.1645833,112.35,232.0
2026-01-06,TEC22,RandomForest_custom_with_window,mint,hierarchical_reconciled,687.0457361998908,658.19375,227.26153942297964,226.085,125.0,250.0,1.6703126492567666,0.0,0.0,0.0,234.10812247011242,234.025,125.0,250.0,224.00576165754185,198.08375,112.35,232.0
2026-01-07,TEC22,RandomForest_custom_with_window,mint,hierarchical_reconciled,680.3632681425773,657.48125,225.0606044462878,226.385,125.0,250.0,0.7056293613258834,0.0,0.0,0.0,231.7906029099614,232.755,125.0,250.0,222.80643142500196,198.34125,112.35,232.0
2026-01-08,TEC22,RandomForest_custom_with_window,mint,hierarchical_reconciled,680.1670561566091,656.00125,225.17744862515775,224.225,125.0,250.0,0.7568428809625448,0.0,0.0,0.0,231.35789466838858,232.385,125.0,250.0,222.87486998209997,199.39125,112.35,232.0
2026-01-09,TEC22,RandomForest_custom_with_window,mint,hierarchical_reconciled,675.1113393325803,657.85375,223.1305579452306,224.51,125.0,250.0,-0.14032184769071832,0.0,0.0,0.0,230.54792969489725,231.19,125.0,250.0,221.5731735401431,202.15375,112.35,232.0
2026-01-10,TEC22,RandomForest_custom_with_window,mint,hierarchical_reconciled,675.7327730505148,654.1308333,223.9671844776394,223.58,125.0,250.0,0.22637668843205513,0.0,0.0,0.0,230.4743640368275,230.81,125.0,250.0,221.06484784761574,199.7408333,112.35,232.0
2026-01-11,TEC22,RandomForest_custom_with_window,mint,hierarchical_reconciled,459.62700590551106,461.9275,233.96128610304584,223.98,125.0,250.0,-1.4498071952135803,0.0,0.0,0.0,229.0529590120109,233.065,125.0,250.0,-1.9374320143322734,0.0,0.0,0.0
2026-01-12,TEC22,RandomForest_custom_with_window,mint,hierarchical_reconciled,442.36915785112643,457.835,227.86667720462668,224.355,125.0,250.0,-4.185283149082466,0.0,0.0,0.0,224.2807154576014,233.48,125.0,250.0,-5.592951662019459,0.0,0.0,0.0
2026-01-13,TEC22,RandomForest_custom_with_window,mint,hierarchical_reconciled,441.398107166779,460.98,227.3963677860283,226.19,125.0,250.0,-4.360930948328928,0.0,0.0,0.0,224.19034676735228,234.79,125.0,250.0,-5.8276764382728885,0.0,0.0,0.0
2026-01-14,TEC22,RandomForest_custom_with_window,mint,hierarchical_reconciled,538.5702031717466,573.2504167,198.7911961191474,225.355,125.0,250.0,-10.025673091555223,0.0,0.0,0.0,212.04325626538514,234.265,125.0,250.0,137.76142387876905,113.6304167,112.35,232.0
2026-01-15,TEC22,RandomForest_custom_with_window,mint,hierarchical_reconciled,562.1984543833976,648.065,187.57932041464528,220.98,125.0,250.0,-14.963007655025834,0.0,0.0,0.0,201.49700345757876,230.395,125.0,250.0,188.0851381661991,196.69,112.35,232.0
2026-01-16,TEC22,RandomForest_custom_with_window,mint,hierarchical_reconciled,642.2512455952428,667.065,214.41073514897624,226.065,125.0,250.0,-3.9802880090701955,0.0,0.0,0.0,221.64045219329088,235.525,125.0,250.0,210.18034626204584,205.475,112.35,232.0
2026-01-17,TEC22,RandomForest_custom_with_window,mint,hierarchical_reconciled,673.1286273514029,665.2604167,222.68597420786566,225.565,125.0,250.0,-0.29752626545211025,0.0,0.0,0.0,229.21002587821133,234.295,125.0,250.0,221.5301535307779,205.4004167,112.35,232.0
2026-01-18,TEC22,RandomForest_custom_with_window,mint,hierarchical_reconciled,660.3128693334554,720.1708333,221.8518758675975,226.165,125.0,250.0,-0.5380698495615606,0.0,0.0,0.0,224.52030312110568,233.325,125.0,250.0,214.47876019431362,188.1158333,112.35,232.0
2026-01-19,TEC22,RandomForest_custom_with_window,mint,hierarchical_reconciled,779.9003479214927,801.2816667,192.6195790131717,223.85,125.0,250.0,181.756938798619,145.975,125.0,250.0,201.76725121588555,231.25,125.0,250.0,203.75657889381623,200.2066667,112.35,232.0
2026-01-20,TEC22,RandomForest_custom_with_window,mint,hierarchical_reconciled,800.784593439789,875.6391667,199.66387489674676,234.67,125.0,250.0,205.32527621027486,210.69,125.0,250.0,188.49214227086162,225.9,125.0,250.0,207.30330006190545,204.3791667,112.302835,232.0
2026-01-21,TEC22,RandomForest_custom_with_window,mint,hierarchical_reconciled,839.4501899447858,870.6741667,215.95179870599245,238.04,125.0,250.0,215.51057680813386,202.07,125.0,250.0,196.22093146301074,228.585,125.0,250.0,211.76688296764857,201.9791667,112.35,232.0
2026-01-22,TEC22,RandomForest_custom_with_window,mint,hierarchical_reconciled,853.4298945386479,876.3116667,218.98997514532192,236.03,125.0,250.0,221.18883335302428,206.935,125.0,250.0,196.00891687740727,232.34,125.0,250.0,217.24216916289407,201.0066667,112.35,232.0
2026-01-23,TEC22,RandomForest_custom_with_window,mint,hierarchical_reconciled,852.3207117087579,862.6429167,215.31266684705673,226.42,125.0,250.0,219.77688512128367,195.745,125.0,250.0,194.2082800495139,235.21,125.0,250.0,223.02287969090327,205.2679167,112.35,232.0
2026-01-24,TEC22,RandomForest_custom_with_window,mint,hierarchical_reconciled,848.450015399786,868.34375,214.9030520529226,225.48,125.0,250.0,216.09364643889398,202.99,125.0,250.0,194.47370291995693,234.885,125.0,250.0,222.97961398801218,204.98875,112.35,232.0
2026-01-25,TEC22,RandomForest_custom_with_window,mint,hierarchical_reconciled,853.2047000964645,829.2979167,216.79584222724486,224.705,125.0,250.0,215.9704864724851,176.54,125.0,250.0,196.83316270658557,223.78,125.0,250.0,223.60520869014863,204.2729167,112.35,232.0
2026-01-26,TEC22,RandomForest_custom_with_window,mint,hierarchical_reconciled,833.418542470074,849.6879167,204.96537168548807,224.775,125.0,250.0,212.33477340550957,192.15,125.0,250.0,194.05514006990214,233.52,125.0,250.0,222.06325730917393,199.2429167,112.35,232.0
2026-01-27,TEC22,RandomForest_custom_with_window,mint,hierarchical_reconciled,837.6188345528196,857.2754167,208.75055966181864,224.725,125.0,250.0,212.51140321347307,199.325,125.0,250.0,194.09327681126817,234.075,125.0,250.0,222.26359486625947,199.1504167,112.35,232.0
2026-01-28,TEC22,RandomForest_custom_with_window,mint,hierarchical_reconciled,833.5998207045429,872.4545833,206.6088928015832,226.85,125.0,250.0,216.98495698351337,214.17,125.0,250.0,190.16386535994005,228.57,125.0,250.0,219.8421055595059,202.8645833,112.35,232.0
2026-01-29,TEC22,RandomForest_custom_with_window,mint,hierarchical_reconciled,853.8021223981431,876.15,217.0502863951292,225.235,125.0,250.0,217.05912293086038,222.47,125.0,250.0,195.76749912588198,224.04,125.0,250.0,223.92521394627124,204.405,112.35,232.0
2026-01-30,TEC22,RandomForest_custom_with_window,mint,hierarchical_reconciled,857.4044520528578,867.7458333,217.97166581362364,225.505,125.0,250.0,217.23290638733823,220.715,125.0,250.0,197.85078196145017,222.925,125.0,250.0,224.34909789044536,198.6008333,112.35,232.0
2026-01-31,TEC22,RandomForest_custom_with_window,mint,hierarchical_reconciled,854.2488470041314,834.0183333,219.131142989134,224.51,125.0,250.0,216.00258056312856,192.635,125.0,250.0,196.10728714847247,215.61,125.0,250.0,223.00783630339592,201.2633333,112.35,232.0
2026-02-01,TEC22,RandomForest_custom_with_window,mint,hierarchical_reconciled,818.8107026758976,838.4908333,201.90026628030947,224.64,125.0,250.0,209.10239860988864,193.565,125.0,250.0,189.19381329758482,215.89,125.0,250.0,218.61422448811433,204.3954167,112.35,232.0
