datetime,plant_id,model_name,method,forecast_stage,N_chp_pred,N_chp_true,N_1_pred,N_1_true,N_min_1,N_max_1,N_2_pred,N_2_true,N_min_2,N_max_2
2024-06-24,TEC14,Linear,independent,raw,287.9396594464147,229.969375,140.1444131343451,127.78125,81.75291063011574,181.38227657528932,0.0,102.188125,81.75291063011574,181.38227657528932
2024-06-25,TEC14,Linear,independent,raw,0.0,0.0,0.0,0.0,0.0,0.0,0.0,0.0,0.0,0.0
2024-06-26,TEC14,Linear,independent,raw,0.0,0.0,0.0,0.0,0.0,0.0,0.0,0.0,0.0,0.0
2024-06-27,TEC14,Linear,independent,raw,0.0,0.0,0.0,0.0,0.0,0.0,0.0,0.0,0.0,0.0
2024-06-28,TEC14,Linear,independent,raw,0.0,0.0,0.0,0.0,0.0,0.0,0.0,0.0,0.0,0.0
2024-06-29,TEC14,Linear,independent,raw,0.0,0.0,0.0,0.0,0.0,0.0,0.0,0.0,0.0,0.0
2024-06-30,TEC14,Linear,independent,raw,0.0,0.0,0.0,0.0,0.0,0.0,0.0,0.0,0.0,0.0
2024-07-01,TEC14,Linear,independent,raw,71.69881286419556,84.72395833,0.0,0.0,0.0,0.0,0.0,84.72395833,39.53525625,87.338140625
2024-07-02,TEC14,Linear,independent,raw,143.1113537330381,144.325625,0.0,0.0,0.0,0.0,0.0,144.325625,81.11108994255912,179.7777248563978
2024-07-03,TEC14,Linear,independent,raw,145.7724623976492,127.1864583,0.0,0.0,0.0,0.0,0.0,127.1864583,81.9043195756629,181.7607989391572
2024-07-04,TEC14,Linear,independent,raw,143.7746635580029,145.9397917,0.0,0.0,0.0,0.0,0.0,145.9397917,81.309872364,180.27468091
2024-07-05,TEC14,Linear,independent,raw,144.7400658243877,146.4270833,0.0,0.0,0.0,0.0,0.0,146.4270833,81.59796064431778,180.99490161079444
2024-07-06,TEC14,Linear,independent,raw,146.5691409729899,139.481875,0.0,0.0,0.0,0.0,0.0,139.481875,82.13943183035923,182.34857957589804
2024-07-07,TEC14,Linear,independent,raw,0.0,0.0,0.0,0.0,0.0,0.0,0.0,0.0,0.0,0.0
2024-07-08,TEC14,Linear,independent,raw,0.0,0.0,0.0,0.0,0.0,0.0,0.0,0.0,0.0,0.0
2024-07-09,TEC14,Linear,independent,raw,0.0,0.0,0.0,0.0,0.0,0.0,0.0,0.0,0.0,0.0
2024-07-10,TEC14,Linear,independent,raw,0.0,0.0,0.0,0.0,0.0,0.0,0.0,0.0,0.0,0.0
2024-07-11,TEC14,Linear,independent,raw,0.0,0.0,0.0,0.0,0.0,0.0,0.0,0.0,0.0,0.0
2024-07-12,TEC14,Linear,independent,raw,0.0,0.0,0.0,0.0,0.0,0.0,0.0,0.0,0.0,0.0
2024-07-13,TEC14,Linear,independent,raw,0.0,0.0,0.0,0.0,0.0,0.0,0.0,0.0,0.0,0.0
2024-07-14,TEC14,Linear,independent,raw,0.0,0.0,0.0,0.0,0.0,0.0,0.0,0.0,0.0,0.0
2024-07-15,TEC14,Linear,independent,raw,0.0,0.0,0.0,0.0,0.0,0.0,0.0,0.0,0.0,0.0
2024-07-16,TEC14,Linear,independent,raw,0.0,0.0,0.0,0.0,0.0,0.0,0.0,0.0,0.0,0.0
2024-07-17,TEC14,Linear,independent,raw,0.0,0.0,0.0,0.0,0.0,0.0,0.0,0.0,0.0,0.0
2024-07-18,TEC14,Linear,independent,raw,0.0,0.0,0.0,0.0,0.0,0.0,0.0,0.0,0.0,0.0
2024-07-19,TEC14,Linear,independent,raw,0.0,0.0,0.0,0.0,0.0,0.0,0.0,0.0,0.0,0.0
2024-07-20,TEC14,Linear,independent,raw,0.0,0.0,0.0,0.0,0.0,0.0,0.0,0.0,0.0,0.0
2024-07-21,TEC14,Linear,independent,raw,0.0,0.0,0.0,0.0,0.0,0.0,0.0,0.0,0.0,0.0
2024-07-22,TEC14,Linear,independent,raw,140.2950464638687,112.4458333,0.0,0.0,0.0,0.0,146.0541881762978,112.4458333,80.2603289856,177.650822464
2024-07-23,TEC14,Linear,independent,raw,140.0483999472998,127.7095833,0.0,0.0,0.0,0.0,146.0671031985853,127.7095833,80.18535400236067,177.46338500590167
2024-07-24,TEC14,Linear,independent,raw,72.86914418956461,80.08104167,0.0,0.0,0.0,0.0,66.119368996758,80.08104167,39.86116385577044,88.1529096394261
2024-07-25,TEC14,Linear,independent,raw,72.58189154080847,79.34479167,0.0,0.0,0.0,0.0,67.00727269548116,79.34479167,39.78150536682309,87.95376341705773
2024-07-26,TEC14,Linear,independent,raw,72.50951599951946,120.7679167,0.0,0.0,0.0,0.0,67.01123704033914,120.7679167,39.761398886771616,87.90349721692905
2024-07-27,TEC14,Linear,independent,raw,138.2704252658882,147.3002083,0.0,0.0,0.0,0.0,144.7941632280487,147.3002083,79.6429770711515,176.10744267787877
2024-07-28,TEC14,Linear,independent,raw,139.7999083820774,158.3710417,0.0,0.0,0.0,0.0,144.2338365983206,151.8260417,80.10974957360578,177.27437393401445
2024-07-29,TEC14,Linear,independent,raw,139.4237171822507,175.569375,0.0,0.0,0.0,0.0,144.1082512393245,148.0372917,79.99516463544902,176.98791158862252
2024-07-30,TEC14,Linear,independent,raw,143.6652192231541,149.4770833,0.0,0.0,0.0,0.0,148.9104183579122,149.4770833,81.27711972102549,180.19279930256369
2024-07-31,TEC14,Linear,independent,raw,143.7746635580029,150.1902083,0.0,0.0,0.0,0.0,148.9018635320465,150.1902083,81.309872364,180.27468091
2024-08-01,TEC14,Linear,independent,raw,216.281216960337,193.6972917,66.45443211145799,60.73479167,40.86110331358982,90.65275828397456,144.6951715045637,132.9625,81.72220662717965,181.30551656794913
2024-08-02,TEC14,Linear,independent,raw,215.313677471336,214.7577083,66.14059610828754,78.23729167,40.751628388756686,90.37907097189171,145.2842094633177,136.5204167,81.50325677751337,180.75814194378341
2024-08-03,TEC14,Linear,independent,raw,216.1447212605124,230.1227083,66.4101243150942,79.97833333,40.84568014240351,90.61420035600877,144.8659086003532,150.144375,81.69136028480702,181.22840071201753
2024-08-04,TEC14,Linear,independent,raw,215.0320057592845,227.2620833,66.049360603165,79.73541667,40.71969411062152,90.29923527655379,145.3329085129536,147.5266667,81.43938822124304,180.59847055310757
2024-08-05,TEC14,Linear,independent,raw,215.4536341415111,222.153125,66.18595036391254,78.64479167,40.76748533619934,90.41871334049834,145.2253393060321,143.5083333,81.53497067239869,180.83742668099669
2024-08-06,TEC14,Linear,independent,raw,215.8700157934365,229.6841667,66.3209666715263,80.60854167,40.8146189696,90.53654742399999,145.0053207423354,149.075625,81.6292379392,181.07309484799998
2024-08-07,TEC14,Linear,independent,raw,216.1447212605124,223.7958333,66.4101243150942,80.511875,40.84568014240351,90.61420035600877,144.8659086003532,143.2839583,81.69136028480702,181.22840071201753
2024-08-08,TEC14,Linear,independent,raw,213.4401906042997,230.7285417,65.53483465872704,80.44395833,40.53871376554849,89.84678441387123,139.723156160316,150.2845833,81.07742753109699,179.69356882774247
2024-08-09,TEC14,Linear,independent,raw,212.2362377726467,229.199375,65.14680277813527,79.74291667,40.4012926206,89.5032315515,138.2323368205432,149.4564583,80.8025852412,179.006463103
2024-08-10,TEC14,Linear,independent,raw,215.0320057592845,228.7522917,66.049360603165,80.093125,40.71969411062152,90.29923527655379,145.3329085129536,148.6591667,81.43938822124304,180.59847055310757
2024-08-11,TEC14,Linear,independent,raw,217.4844578755948,228.8720833,66.84613303235595,80.73791667,40.99675089006264,90.9918772251566,148.4178101014469,148.1341667,81.99350178012529,181.9837544503132
2024-08-12,TEC14,Linear,independent,raw,289.1075849307201,258.3733333,138.7480457755322,119.723125,82.11051288002395,182.27628220005988,136.6155258594934,138.6502083,82.11051288002395,182.27628220005988
2024-08-13,TEC14,Linear,independent,raw,149.5522450871556,151.9708333,152.9527504340369,149.475,81.6292379392,181.07309484799998,0.0,0.0,0.0,0.0
2024-08-14,TEC14,Linear,independent,raw,149.867721883682,145.9716667,153.1112507515648,145.9716667,81.75291063011574,181.38227657528932,0.0,0.0,0.0,0.0
2024-08-15,TEC14,Linear,independent,raw,148.2406967117387,149.7025,152.3710118991144,149.7025,81.11108994255912,179.7777248563978,0.0,0.0,0.0,0.0
2024-08-16,TEC14,Linear,independent,raw,146.393562685106,156.4772917,151.4653244159688,156.4772917,80.37161030607353,177.92902576518384,0.0,0.0,0.0,0.0
2024-08-17,TEC14,Linear,independent,raw,147.900042447705,149.5779167,152.2360757361734,149.5779167,80.97551999999999,179.4388,0.0,0.0,0.0,0.0
2024-08-18,TEC14,Linear,independent,raw,148.3250501815621,152.0352083,152.4044485647359,152.0352083,81.14459962884999,179.86149907212499,0.0,0.0,0.0,0.0
2024-08-19,TEC14,Linear,independent,raw,149.3926800191705,149.5591667,152.8727700123352,149.5591667,81.56653842712919,180.91634606782296,0.0,0.0,0.0,0.0
2024-08-20,TEC14,Linear,independent,raw,149.5522450871556,149.5454167,152.9527504340369,149.5454167,81.6292379392,181.07309484799998,0.0,0.0,0.0,0.0
2024-08-21,TEC14,Linear,independent,raw,149.0698439582696,147.4808333,152.7113411145727,147.4808333,81.43938822124304,180.59847055310757,0.0,0.0,0.0,0.0
2024-08-22,TEC14,Linear,independent,raw,148.8244355804713,141.65625,152.6019592946166,141.65625,81.34247502033372,180.3561875508343,0.0,0.0,0.0,0.0
2024-08-23,TEC14,Linear,independent,raw,151.1561783274564,125.2693333,153.7509612811178,125.2693333,82.2537965275696,182.634491318924,0.0,0.0,0.0,0.0
2024-08-24,TEC14,Linear,independent,raw,149.7105887310401,135.9194167,153.0322415042854,135.8048333,81.69136028480702,181.22840071201753,0.0,0.0,0.0,0.0
2024-08-25,TEC14,Linear,independent,raw,148.0710193096968,143.0234583,152.3038073145802,142.9959583,81.04361199187287,179.60902997968216,0.0,0.0,0.0,0.0
2024-08-26,TEC14,Linear,independent,raw,0.0,0.0,0.0,0.0,0.0,0.0,0.0,0.0,0.0,0.0
2024-08-27,TEC14,Linear,independent,raw,0.0,0.0,0.0,0.0,0.0,0.0,0.0,0.0,0.0,0.0
2024-08-28,TEC14,Linear,independent,raw,0.0,0.0,0.0,0.0,0.0,0.0,0.0,0.0,0.0,0.0
2024-08-29,TEC14,Linear,independent,raw,0.0,0.0,0.0,0.0,0.0,0.0,0.0,0.0,0.0,0.0
2024-08-30,TEC14,Linear,independent,raw,0.0,0.0,0.0,0.0,0.0,0.0,0.0,0.0,0.0,0.0
2024-08-31,TEC14,Linear,independent,raw,0.0,0.0,0.0,0.0,0.0,0.0,0.0,0.0,0.0,0.0
2024-09-01,TEC14,Linear,independent,raw,0.0,76.17291667,0.0,76.17291667,0.0,0.0,0.0,0.0,0.0,0.0
2024-09-02,TEC14,Linear,independent,raw,220.3583290935514,231.5758333,147.5066300623792,149.110625,81.72220662717965,181.30551656794913,68.54404551117607,82.46520833,40.86110331358982,90.65275828397456
2024-09-03,TEC14,Linear,independent,raw,281.9928464090985,290.2727083,135.368999548423,145.3922917,80.44501035375,178.11252588437497,132.017735050066,144.8804167,80.44501035375,178.11252588437497
2024-09-04,TEC14,Linear,independent,raw,282.972356927815,276.4397917,135.7274364813628,137.589375,80.6257575592,178.564393898,132.0723215027451,138.8504167,80.6257575592,178.564393898
2024-09-05,TEC14,Linear,independent,raw,284.8721611880634,277.7089583,136.4073605482926,139.12875,80.97551999999999,179.4388,134.8763185834447,138.5802083,80.97551999999999,179.4388
2024-09-06,TEC14,Linear,independent,raw,287.049428668339,281.8952083,137.2870808580904,140.3770833,81.37492819814153,180.43732049535384,134.3061509323456,141.518125,81.37492819814153,180.43732049535384
2024-09-07,TEC14,Linear,independent,raw,286.6941835347479,293.28625,137.142920111196,139.3754167,81.309872364,180.27468091,134.4088602355312,153.9108333,81.309872364,180.27468091
2024-09-08,TEC14,Linear,independent,raw,286.6941835347479,302.38875,137.142920111196,153.5635417,81.309872364,180.27468091,134.4088602355312,148.8252083,81.309872364,180.27468091
2024-09-09,TEC14,Linear,independent,raw,285.4268530414131,283.663125,136.6306257441069,140.4995833,81.07742753109699,179.69356882774247,134.7016113954738,143.1635417,81.07742753109699,179.69356882774247
2024-09-10,TEC14,Linear,independent,raw,283.1658815380022,264.65625,135.7983649967742,131.8289583,80.66143597358712,178.6535899339678,132.0683571578871,132.8272917,80.66143597358712,178.6535899339678
2024-09-11,TEC14,Linear,independent,raw,284.8721611880634,283.7872917,136.4073605482926,141.4620833,80.97551999999999,179.4388,134.8763185834447,142.3252083,80.97551999999999,179.4388
2024-09-12,TEC14,Linear,independent,raw,281.9928464090985,283.0097917,135.368999548423,139.4604167,80.44501035375,178.11252588437497,132.017735050066,143.549375,80.44501035375,178.11252588437497
2024-09-13,TEC14,Linear,independent,raw,282.1903356551421,271.5279167,135.4411928491286,133.7097917,80.48147423792348,178.2036855948087,131.8760776779296,137.818125,80.48147423792348,178.2036855948087
2024-09-14,TEC14,Linear,independent,raw,282.1903356551421,273.266875,135.4411928491286,133.833125,80.48147423792348,178.2036855948087,131.8760776779296,139.43375,80.48147423792348,178.2036855948087
2024-09-15,TEC14,Linear,independent,raw,144.9550211773227,146.780625,0.0,0.0,0.0,0.0,149.781083397336,144.0670833,80.94124282309798,179.35310705774492
2024-09-16,TEC14,Linear,independent,raw,149.0756835947584,161.4297917,0.0,0.0,0.0,0.0,154.4417009221892,161.4297917,82.16821885066224,182.4205471266556
2024-09-17,TEC14,Linear,independent,raw,146.6167819803917,152.7424583,0.0,0.0,0.0,0.0,153.4674814624731,152.7424583,81.43938822124304,180.59847055310757
2024-09-18,TEC14,Linear,independent,raw,149.2701734058024,152.6692083,0.0,0.0,0.0,0.0,154.379825959001,152.6692083,82.22540037120001,182.563500928
2024-09-19,TEC14,Linear,independent,raw,150.4982616307134,150.4991667,0.0,0.0,0.0,0.0,154.9669783880198,150.4991667,82.58476611865964,183.4619152966491
2024-09-20,TEC14,Linear,independent,raw,149.6546192280849,152.879375,0.0,0.0,0.0,0.0,154.6197298149015,152.879375,82.33821668885955,182.84554172214885
2024-09-21,TEC14,Linear,independent,raw,151.402890117746,149.5297917,0.0,0.0,0.0,0.0,154.8798239519141,149.5297917,82.84753647105056,184.1188411776264
2024-09-22,TEC14,Linear,independent,raw,155.5083410497778,149.6654167,0.0,0.0,0.0,0.0,156.5422216400217,149.6654167,84.0188911541172,187.047227885293
2024-09-23,TEC14,Linear,independent,raw,153.6949234395806,152.4189583,0.0,0.0,0.0,0.0,154.948960133271,152.4189583,83.5056851832,185.76421295799997
2024-09-24,TEC14,Linear,independent,raw,151.0450113055758,154.1310417,0.0,0.0,0.0,0.0,154.8483016651467,154.1310417,82.743783592095,183.8594589802375
2024-09-25,TEC14,Linear,independent,raw,148.0798013347024,152.75875,0.0,0.0,0.0,0.0,153.966249121221,152.75875,81.87431691911331,181.68579229778328
2024-09-26,TEC14,Linear,independent,raw,148.879656500617,157.5091667,0.0,0.0,0.0,0.0,154.4809706416496,152.6966667,82.11051288002395,182.27628220005988
2024-09-27,TEC14,Linear,independent,raw,149.3668478828228,152.93625,0.0,0.0,0.0,0.0,154.3575380206975,150.31,82.2537965275696,182.634491318924
2024-09-28,TEC14,Linear,independent,raw,151.0450113055758,156.56875,0.0,0.0,0.0,0.0,154.8483016651467,154.50625,82.743783592095,183.8594589802375
2024-09-29,TEC14,Linear,independent,raw,153.9378104673377,149.7241667,0.0,0.0,0.0,0.0,155.1336374750048,149.7241667,83.57479288521216,185.93698221303038
2024-09-30,TEC14,Linear,independent,raw,155.4316187628115,154.7989583,0.0,0.0,0.0,0.0,156.4965812767045,154.7989583,83.99730176489226,186.99325441223064
2024-10-01,TEC14,Linear,independent,raw,160.1516327976753,157.7320833,0.0,0.0,0.0,0.0,159.1984159692109,157.7320833,84.4809834465,188.20245861625
2024-10-02,TEC14,Linear,independent,raw,158.9583613135793,164.7972917,0.0,0.0,0.0,0.0,158.0087064771378,164.7972917,84.14724971646481,187.36812429116205
2024-10-03,TEC14,Linear,independent,raw,158.5014799136073,226.3439583,0.0,65.05791667,0.0,0.0,157.8034463989509,161.2860417,84.0188911541172,187.047227885293
2024-10-04,TEC14,Linear,independent,raw,305.4737369091727,284.355,150.0558584885178,141.8027083,84.14724971646481,187.36812429116205,147.0273350499216,142.5522917,84.14724971646481,187.36812429116205
2024-10-05,TEC14,Linear,independent,raw,304.745217686477,328.105,149.6948215599847,164.4810417,84.0188911541172,187.047227885293,146.5984614779532,163.6239583,84.0188911541172,187.047227885293
2024-10-06,TEC14,Linear,independent,raw,0.0,0.0,0.0,0.0,0.0,0.0,0.0,0.0,0.0,0.0
2024-10-07,TEC14,Linear,independent,raw,231.8697709650627,215.5170833,158.1642508852043,115.421875,83.80023363634228,186.50058409085568,81.24537967338917,100.0952083,41.90011681817114,93.25029204542784
2024-10-08,TEC14,Linear,independent,raw,306.6675313422768,313.7635417,150.6512828522261,157.0764583,84.35713817937793,187.8928454484448,149.0539711028113,156.6870833,84.35713817937793,187.8928454484448
2024-10-09,TEC14,Linear,independent,raw,309.9112914217729,279.3754167,152.2752515502732,147.2658333,84.92523897033368,189.3130974258342,155.1920129206384,132.1095833,84.92523897033368,189.3130974258342
2024-10-10,TEC14,Linear,independent,raw,234.8250551876604,241.413125,159.9575937001717,154.2947917,84.50149065158492,188.25372662896228,84.34812444586461,87.11833333,42.25074532579246,94.12686331448114
2024-10-11,TEC14,Linear,independent,raw,228.3389609827434,247.0754167,156.1521223223393,161.55125,82.94955433521604,184.37388583804008,74.73151274815314,85.52416667,41.47477716760802,92.18694291902004
2024-10-12,TEC14,Linear,independent,raw,231.4961369648166,250.2833333,157.9475855011146,165.0439583,83.71092838954901,186.27732097387252,81.32249799591118,85.239375,41.855464194774505,93.13866048693626
2024-10-13,TEC14,Linear,independent,raw,234.9984597155676,259.2225,160.0667695824126,158.1604167,84.54239871629552,188.3559967907388,84.05138926773434,101.0620833,42.27119935814776,94.1779983953694
2024-10-14,TEC14,Linear,independent,raw,305.5942125038746,308.8445833,150.1157351895735,154.4727083,84.1684557312,187.42113932799998,147.0233707050637,154.371875,84.1684557312,187.42113932799998
2024-10-15,TEC14,Linear,independent,raw,306.9035796569738,295.0637083,150.7695305575589,147.3335417,84.39857885609646,187.99644714024117,148.8456198393181,147.7301667,84.39857885609646,187.99644714024117
2024-10-16,TEC14,Linear,independent,raw,306.5491899158505,267.9765,150.5920686577531,132.3725,84.3363549839786,187.8408874599465,149.0579354476692,135.604,84.3363549839786,187.8408874599465
2024-10-17,TEC14,Linear,independent,raw,303.8819401122033,229.6225,149.269511295802,113.6795833,83.86649689118224,186.66624222795556,145.7473232929397,115.9429167,83.86649689118224,186.66624222795556
2024-10-18,TEC14,Linear,independent,raw,303.5071617045073,316.185625,149.0857555834612,157.3775,83.80023363634228,186.50058409085568,145.7592163275136,158.808125,83.80023363634228,186.50058409085568
2024-10-19,TEC14,Linear,independent,raw,304.5000998887605,326.3085417,149.5737883156114,162.459375,83.97565364027469,186.9391341006867,146.0627408012948,163.8491667,83.97565364027469,186.9391341006867
2024-10-20,TEC14,Linear,independent,raw,305.4737369091727,325.8779167,150.0558584885178,163.4264583,84.14724971646481,187.36812429116205,147.0273350499216,162.4514583,84.14724971646481,187.36812429116205
2024-10-21,TEC14,Linear,independent,raw,305.1107211800241,309.381875,149.8757164484459,154.2522917,84.08331687201833,187.20829218004582,146.985500673107,155.1295833,84.08331687201833,187.20829218004582
2024-10-22,TEC14,Linear,independent,raw,300.9231711660717,315.0937083,147.8343627885723,157.0985417,83.34154580290283,185.35386450725704,142.0816648004344,157.9951667,83.34154580290283,185.35386450725704
2024-10-23,TEC14,Linear,independent,raw,302.6204571458954,310.2969167,148.6532029177729,157.0214583,83.64319804213494,186.10799510533732,143.1792736393229,153.2754583,83.64319804213494,186.10799510533732
2024-10-24,TEC14,Linear,independent,raw,303.5071617045073,306.738125,149.0857555834612,150.0058333,83.80023363634228,186.50058409085568,145.7592163275136,156.7322917,83.80023363634228,186.50058409085568
2024-10-25,TEC14,Linear,independent,raw,304.0062055476175,310.3779167,149.3305473833773,154.6564583,83.88845374546032,186.7211343636508,145.6792993042986,155.7214583,83.88845374546032,186.7211343636508
2024-10-26,TEC14,Linear,independent,raw,303.3815577821413,308.4116667,149.02428284382,153.4025,83.7780116023356,186.44502900583896,145.692804850027,155.0091667,83.7780116023356,186.44502900583896
2024-10-27,TEC14,Linear,independent,raw,304.9891697518214,295.5622917,149.8155084940989,147.0977083,84.0618977142,187.1547442855,146.7786065559367,148.4645833,84.0618977142,187.1547442855
2024-10-28,TEC14,Linear,independent,raw,304.5000998887605,303.6052083,149.5737883156114,151.3433333,83.97565364027469,186.9391341006867,146.0627408012948,152.261875,83.97565364027469,186.9391341006867
2024-10-29,TEC14,Linear,independent,raw,308.0723443386945,303.593125,151.3572608107279,151.328125,84.60350844909456,188.50877112273642,151.5194642594572,152.265,84.60350844909456,188.50877112273642
2024-10-30,TEC14,Linear,independent,raw,161.8176671674897,167.3614583,157.6640722142449,165.1439583,84.3778791576,187.944697894,0.0,0.0,0.0,0.0
2024-10-31,TEC14,Linear,independent,raw,163.4500213724859,169.8154167,158.9864374591974,169.8154167,84.96506496459403,189.4126624114851,0.0,0.0,0.0,0.0
2024-11-01,TEC14,Linear,independent,raw,167.9286114855931,167.24,158.259561093094,167.24,85.41985520791536,190.5496380197884,0.0,0.0,0.0,0.0
2024-11-02,TEC14,Linear,independent,raw,0.0,0.0,0.0,0.0,0.0,0.0,0.0,0.0,0.0,0.0
2024-11-03,TEC14,Linear,independent,raw,168.3699417613253,129.8302083,158.4421557051978,129.8302083,85.5775968072,190.943992018,0.0,0.0,0.0,0.0
2024-11-04,TEC14,Linear,independent,raw,168.7012962485513,168.0708333,158.5792654088003,168.0708333,85.6960715981439,191.24017899535974,0.0,0.0,0.0,0.0
2024-11-05,TEC14,Linear,independent,raw,168.6460366419601,170.129375,158.5564062630493,170.129375,85.6763098002,191.1907745005,0.0,0.0,0.0,0.0
2024-11-06,TEC14,Linear,independent,raw,166.5459123348838,169.2772917,157.6861852713785,169.2772917,84.92523897033368,189.3130974258342,0.0,0.0,0.0,0.0
2024-11-07,TEC14,Linear,independent,raw,165.8190747458839,169.1558333,157.3825343519835,169.1558333,84.66433666782657,188.66084166956645,0.0,0.0,0.0,0.0
2024-11-08,TEC14,Linear,independent,raw,165.7064425816141,183.6991667,157.3354534048968,169.17375,84.62381462716708,188.5595365679177,0.0,0.0,0.0,0.0
2024-11-09,TEC14,Linear,independent,raw,165.0247172913058,169.1214583,157.0503553384656,169.1214583,84.3778791576,187.944697894,0.0,0.0,0.0,0.0
2024-11-10,TEC14,Linear,independent,raw,168.6460366419601,169.2135417,158.5564062630493,169.2135417,85.6763098002,191.1907745005,0.0,0.0,0.0,0.0
2024-11-11,TEC14,Linear,independent,raw,318.8951466805862,297.4304167,161.7671998769031,169.088125,85.93394684786443,191.83486711966106,160.2148048699602,128.3422917,85.93394684786443,191.83486711966106
2024-11-12,TEC14,Linear,independent,raw,314.8209064749237,290.9902083,159.5988853871819,121.1477083,85.2226120848851,190.05653021221272,157.6499809016058,169.8425,85.2226120848851,190.05653021221272
2024-11-13,TEC14,Linear,independent,raw,165.1719044460184,166.0645833,0.0,0.0,0.0,0.0,161.0223089235525,166.0645833,84.984953088,189.46238272
2024-11-14,TEC14,Linear,independent,raw,164.379799603756,169.834375,0.0,0.0,0.0,0.0,160.713939192692,169.834375,84.76515533115453,188.91288832788632
2024-11-15,TEC14,Linear,independent,raw,165.8871166136298,238.8666667,0.0,70.84125,0.0,0.0,161.0767316713648,168.0254167,85.1831033272,189.95775831799997
2024-11-16,TEC14,Linear,independent,raw,236.802449061796,253.7247917,163.3496027018714,168.5425,84.21071622320574,187.5267905580143,83.43766466040027,85.18229167,42.10535811160287,93.76339527900716
2024-11-17,TEC14,Linear,independent,raw,165.7064425816141,171.6472917,157.3354534048968,169.201875,84.62381462716708,188.5595365679177,0.0,0.0,0.0,0.0
2024-11-18,TEC14,Linear,independent,raw,166.8235552209924,167.5072917,157.8021222096222,167.5072917,85.02468345114762,189.56170862786905,0.0,0.0,0.0,0.0
2024-11-19,TEC14,Linear,independent,raw,167.6528016062056,168.4304167,158.1454309909848,168.4304167,85.32127688817263,190.30319222043155,0.0,0.0,0.0,0.0
2024-11-20,TEC14,Linear,independent,raw,168.1492406928128,168.6114583,158.35084710642,168.6114583,85.49870902904539,190.74677257261348,0.0,0.0,0.0,0.0
2024-11-21,TEC14,Linear,independent,raw,167.4872389668527,168.65125,158.076921310087,168.65125,85.2620936473023,190.15523411825572,0.0,0.0,0.0,0.0
2024-11-22,TEC14,Linear,independent,raw,168.5355614222755,168.611875,158.5106879715474,168.611875,85.63680699280943,191.09201748202355,0.0,0.0,0.0,0.0
2024-11-23,TEC14,Linear,independent,raw,168.9225065351259,167.84125,158.6886574258903,167.84125,85.7752,191.438,0.0,0.0,0.0,0.0
2024-11-24,TEC14,Linear,independent,raw,168.5907920681683,168.6889583,158.5335546457822,168.6889583,85.65655510579009,191.14138776447524,0.0,0.0,0.0,0.0
2024-11-25,TEC14,Linear,independent,raw,167.9837664345899,168.7652083,158.2823825964255,168.7652083,85.4395675514121,190.59891887853024,0.0,0.0,0.0,0.0
2024-11-26,TEC14,Linear,independent,raw,165.931464343693,162.1629167,157.4295023718117,162.1629167,84.70474408717942,188.76186021794854,0.0,0.0,0.0,0.0
2024-11-27,TEC14,Linear,independent,raw,166.2673224204447,168.9047917,157.5698267380368,168.9047917,84.82534698484695,189.06336746211736,0.0,0.0,0.0,0.0
2024-11-28,TEC14,Linear,independent,raw,166.4346017426279,168.535,157.6396990745194,168.535,84.8853414196,189.21335354899998,0.0,0.0,0.0,0.0
2024-11-29,TEC14,Linear,independent,raw,166.712598438183,168.625625,157.7557941109248,168.625625,84.984953088,189.46238272,0.0,0.0,0.0,0.0
2024-11-30,TEC14,Linear,independent,raw,166.8235552209924,168.1214583,157.8021222096222,168.1214583,85.02468345114762,189.56170862786905,0.0,0.0,0.0,0.0
2024-12-01,TEC14,Linear,independent,raw,168.2116658277925,168.47625,155.9675039253227,168.47625,84.60350844909456,188.50877112273642,0.0,0.0,0.0,0.0
2024-12-02,TEC14,Linear,independent,raw,169.6620903498648,168.6366667,156.529792958913,168.6366667,85.12377700321076,189.80944250802688,0.0,0.0,0.0,0.0
2024-12-03,TEC14,Linear,independent,raw,169.6620903498648,168.1458333,156.529792958913,168.1458333,85.12377700321076,189.80944250802688,0.0,0.0,0.0,0.0
2024-12-04,TEC14,Linear,independent,raw,172.9325257285666,168.9747917,157.9351419280036,168.9747917,86.29450447658817,192.73626119147045,0.0,0.0,0.0,0.0
2024-12-05,TEC14,Linear,independent,raw,173.9506755295788,169.4629167,158.3700201364302,169.4629167,86.66131050407361,193.65327626018404,0.0,0.0,0.0,0.0
2024-12-06,TEC14,Linear,independent,raw,172.70819164855,162.6347917,157.839301181922,162.6347917,86.21389997088446,192.53474992721112,0.0,0.0,0.0,0.0
2024-12-07,TEC14,Linear,independent,raw,172.3728380911354,160.9739583,157.6959955360751,160.9739583,86.0935354766033,192.23383869150823,0.0,0.0,0.0,0.0
2024-12-08,TEC14,Linear,independent,raw,172.317070791747,160.944375,157.6721802728696,160.944375,86.07353377569999,192.18383443924998,0.0,0.0,0.0,0.0
2024-12-09,TEC14,Linear,independent,raw,172.4844768891848,162.0895833,157.7437088758088,162.0895833,86.13358811628376,192.33397029070937,0.0,0.0,0.0,0.0
2024-12-10,TEC14,Linear,independent,raw,170.6557146588975,162.060625,156.95813644332,162.060625,85.47899386075,190.697484651875,0.0,0.0,0.0,0.0
2024-12-11,TEC14,Linear,independent,raw,170.435090851471,169.3064583,156.8630184316922,169.3064583,85.40014259121494,190.50035647803736,0.0,0.0,0.0,0.0
2024-12-12,TEC14,Linear,independent,raw,172.9325257285666,173.8316667,157.9351419280036,169.29875,86.29450447658817,192.73626119147045,0.0,0.0,0.0,0.0
2024-12-13,TEC14,Linear,independent,raw,174.2935047164966,160.960625,158.5098551512022,160.960625,86.78520749999998,193.96301874999997,0.0,0.0,0.0,0.0
2024-12-14,TEC14,Linear,independent,raw,173.3267190904649,160.8989583,158.103535150834,160.8989583,86.43632254004675,193.09080635011685,0.0,0.0,0.0,0.0
2024-12-15,TEC14,Linear,independent,raw,172.8763818820862,158.95375,157.9111535096686,158.95375,86.27432484375,192.68581210937498,0.0,0.0,0.0,0.0
2024-12-16,TEC14,Linear,independent,raw,173.8937121770451,160.80375,158.34569293632,160.80375,86.64074362538807,193.60185906347016,0.0,0.0,0.0,0.0
2024-12-17,TEC14,Linear,independent,raw,176.4492115678683,161.8570833,159.1203784223138,161.8570833,87.56889340268602,195.92223350671503,0.0,0.0,0.0,0.0
2024-12-18,TEC14,Linear,independent,raw,179.7160166050167,160.1247917,159.6058010727137,160.1247917,88.76965709838449,198.9241427459612,0.0,0.0,0.0,0.0
2024-12-19,TEC14,Linear,independent,raw,174.2935047164966,161.800625,158.5098551512022,161.800625,86.78520749999998,193.96301874999997,0.0,0.0,0.0,0.0
2024-12-20,TEC14,Linear,independent,raw,169.3297273655764,159.9191667,156.3865400124534,159.9191667,85.00482566142517,189.5120641535629,0.0,0.0,0.0,0.0
2024-12-21,TEC14,Linear,independent,raw,172.0943309166482,167.4264583,157.5769869764028,167.4264583,85.99368258869563,191.9842064717391,0.0,0.0,0.0,0.0
2024-12-22,TEC14,Linear,independent,raw,170.3247728012759,166.7097917,156.8154707186041,166.7097917,85.36071405201545,190.4017851300386,0.0,0.0,0.0,0.0
2024-12-23,TEC14,Linear,independent,raw,244.3332811604815,243.2310417,168.1254826533944,166.9975,85.3804290816,190.45107270399998,86.8185750307218,76.23354167,42.6902145408,95.22553635199999
2024-12-24,TEC14,Linear,independent,raw,320.2080713472795,332.3839583,165.7159444352491,166.57125,85.71584101409476,191.28960253523692,161.0593367107147,165.8127083,85.71584101409476,191.28960253523692
2024-12-25,TEC14,Linear,independent,raw,318.1736789956725,316.9545833,164.6335413271357,158.6289583,85.36071405201545,190.4017851300386,159.518200808159,158.325625,85.36071405201545,190.4017851300386
2024-12-26,TEC14,Linear,independent,raw,315.679976438629,304.9929167,163.3060904506538,153.7025,84.92523897033368,189.3130974258342,157.876372335963,151.2904167,84.92523897033368,189.3130974258342
2024-12-27,TEC14,Linear,independent,raw,317.8347510885136,314.2733333,164.4529174640946,158.2908333,85.30155346335171,190.25388365837927,159.6887704741463,155.9825,85.30155346335171,190.25388365837927
2024-12-28,TEC14,Linear,independent,raw,171.0971963153154,170.7083333,157.1484628083824,168.1666667,85.63680699280943,191.09201748202355,0.0,0.0,0.0,0.0
2024-12-29,TEC14,Linear,independent,raw,169.9384435997199,169.0416667,156.6489219743276,169.0416667,85.2226120848851,190.05653021221272,0.0,0.0,0.0,0.0
2024-12-30,TEC14,Linear,independent,raw,169.7173986544943,168.9583333,156.5536383360541,168.9583333,85.14356181271512,189.85890453178777,0.0,0.0,0.0,0.0
2024-12-31,TEC14,Linear,independent,raw,171.5394922061505,159.5,157.3391128982523,159.5,85.79500487967994,191.48751219919984,0.0,0.0,0.0,0.0
2025-01-01,TEC14,Linear,independent,raw,173.3797997406173,136.60375,157.8517604232332,136.60375,86.01362279532299,192.03405698830744,0.0,0.0,0.0,0.0
2025-01-02,TEC14,Linear,independent,raw,174.6695748850145,153.719375,158.3240685398611,153.719375,86.4770298,193.19257449999998,0.0,0.0,0.0,0.0
2025-01-03,TEC14,Linear,independent,raw,174.7827828570691,166.6654167,158.3489404594618,166.6654167,86.51782393038066,193.29455982595164,0.0,0.0,0.0,0.0
2025-01-04,TEC14,Linear,independent,raw,176.2145543267692,209.524375,158.7484233602034,166.4027083,87.03562858941834,194.58907147354586,0.0,0.0,0.0,0.0
2025-01-05,TEC14,Linear,independent,raw,329.5722176053198,332.261875,170.2911720189469,165.995,87.14102900768547,194.85257251921368,163.6699607585032,166.266875,87.14102900768547,194.85257251921368
2025-01-06,TEC14,Linear,independent,raw,330.6587701969898,331.85375,170.6483698981606,165.6529167,87.33233331414466,195.33083328536165,163.8611466349243,166.2008333,87.33233331414466,195.33083328536165
2025-01-07,TEC14,Linear,independent,raw,326.4903607914873,312.531875,168.9565885221014,156.2227083,86.59967934869952,193.4991983717488,162.0089402682186,156.3091667,86.59967934869952,193.4991983717488
2025-01-08,TEC14,Linear,independent,raw,321.6644773662506,312.2358333,166.5714376843447,156.4720833,85.75540471968006,191.38851179920013,159.850293274872,155.76375,85.75540471968006,191.38851179920013
2025-01-09,TEC14,Linear,independent,raw,322.1181974713905,318.631875,166.7982213507874,159.5839583,85.83464533406756,191.5866133351689,160.1159257507849,159.0479167,85.83464533406756,191.5866133351689
2025-01-10,TEC14,Linear,independent,raw,322.0046899886752,330.0539583,166.7414915559992,165.115625,85.8148198348783,191.53704958719575,160.1364299653432,164.9383333,85.8148198348783,191.53704958719575
2025-01-11,TEC14,Linear,independent,raw,321.6644773662506,332.0102083,166.5714376843447,166.6822917,85.75540471968006,191.38851179920013,159.850293274872,165.3279167,85.75540471968006,191.38851179920013
2025-01-12,TEC14,Linear,independent,raw,324.7484167182294,334.32125,168.1114987607477,167.1691667,86.29450447658817,192.73626119147045,161.3351023824459,167.1520833,86.29450447658817,192.73626119147045
2025-01-13,TEC14,Linear,independent,raw,330.5375353394646,333.65875,170.6085039072941,167.033125,87.310976875,195.2774421875,163.8651109797823,166.625625,87.310976875,195.2774421875
2025-01-14,TEC14,Linear,independent,raw,320.4200446558366,334.6666667,165.94900598026,167.7916667,85.53814634319215,190.8453658579804,159.1769156903285,166.875,85.53814634319215,190.8453658579804
2025-01-15,TEC14,Linear,independent,raw,320.7590808452832,336.9583333,166.1186382568165,168.6666667,85.59732838463705,190.99332096159262,159.4629178632048,168.2916667,85.59732838463705,190.99332096159262
2025-01-16,TEC14,Linear,independent,raw,319.6294027662508,333.0416667,165.5710348228002,166.4166667,85.40014259121494,190.50035647803736,158.3866638549782,166.625,85.40014259121494,190.50035647803736
2025-01-17,TEC14,Linear,independent,raw,318.7254683265808,320.1666667,165.1490720653001,160.5,85.24235592229158,190.10588980572894,158.1325279200063,159.6666667,85.24235592229158,190.10588980572894
2025-01-18,TEC14,Linear,independent,raw,318.4992434241408,339.4583333,165.0435023268442,169.5,85.20286145042166,190.00715362605413,157.26285078085,169.9583333,85.20286145042166,190.00715362605413
2025-01-19,TEC14,Linear,independent,raw,321.43790300865,339.5,166.4581587783817,169.375,85.71584101409476,191.28960253523692,159.7778170035633,170.125,85.71584101409476,191.28960253523692
2025-01-20,TEC14,Linear,independent,raw,323.2566918664211,330.5416667,167.3666485712533,165.7083333,86.0335778074105,192.0839445185262,160.2117492889511,164.8333333,86.0335778074105,192.0839445185262
2025-01-21,TEC14,Linear,independent,raw,329.092604380189,311.0833333,170.1335450055506,155.6666667,87.05665847363713,194.6416461840928,163.5751164080996,155.4166667,87.05665847363713,194.6416461840928
2025-01-22,TEC14,Linear,independent,raw,326.1400020626874,338.5833333,168.7939125646626,169.2083333,86.5382540968088,193.345635242022,161.9956732764729,169.375,86.5382540968088,193.345635242022
2025-01-23,TEC14,Linear,independent,raw,320.307069605546,337.125,165.8929537490223,168.9583333,85.5184263289953,190.79606582248823,159.0782314636007,168.1666667,85.5184263289953,190.79606582248823
2025-01-24,TEC14,Linear,independent,raw,320.0811576645945,338.4583333,165.7819484451952,169.3333333,85.47899386075,190.697484651875,158.9876060737917,169.125,85.47899386075,190.697484651875
2025-01-25,TEC14,Linear,independent,raw,318.8385327716879,339.5,165.201856934528,169.5833333,85.2620936473023,190.15523411825572,158.0678226756734,169.9166667,85.2620936473023,190.15523411825572
2025-01-26,TEC14,Linear,independent,raw,317.932957349635,338.5,164.7753168588206,169.3333333,85.10398186855082,189.75995467137702,157.0766504458624,169.1666667,85.10398186855082,189.75995467137702
2025-01-27,TEC14,Linear,independent,raw,319.7423404778933,337.625,165.6237745211247,169.3333333,85.41985520791536,190.5496380197884,158.5110877222009,168.2916667,85.41985520791536,190.5496380197884
2025-01-28,TEC14,Linear,independent,raw,319.1775750151996,323.125,165.3601212004052,161.6666667,85.32127688817263,190.30319222043155,158.1556672883769,161.4583333,85.32127688817263,190.30319222043155
2025-01-29,TEC14,Linear,independent,raw,316.6815486687412,320.25,164.1508223501491,159.9166667,84.8853414196,189.21335354899998,156.3478971586642,160.3333333,84.8853414196,189.21335354899998
2025-01-30,TEC14,Linear,independent,raw,315.6490392165058,317.7083333,163.6265824703046,158.6666667,84.70474408717942,188.76186021794854,154.7404542565586,159.0416667,84.70474408717942,188.76186021794854
2025-01-31,TEC14,Linear,independent,raw,316.7957255263544,321.75,164.2088621011348,161.2083333,84.90529953469071,189.26324883672677,156.3439328138062,160.5416667,84.90529953469071,189.26324883672677
2025-02-01,TEC14,Linear,independent,raw,319.988540685047,339.4583333,167.6794341119294,169.5416667,85.53814634319215,190.8453658579804,159.3777953812217,169.9166667,85.53814634319215,190.8453658579804
2025-02-02,TEC14,Linear,independent,raw,322.368983551525,338.0416667,168.719888985254,169.2916667,85.95384501802357,191.8846125450589,160.4280022646552,168.75,85.95384501802357,191.8846125450589
2025-02-03,TEC14,Linear,independent,raw,326.4102548413298,338.625,170.4151635778399,169.4166667,86.66131050407361,193.65327626018404,162.2272104823974,169.2083333,86.66131050407361,193.65327626018404
2025-02-04,TEC14,Linear,independent,raw,332.5543656829021,339.9166667,173.2570990797545,169.7916667,87.7427886297,196.35697157425,164.5101013824237,170.125,87.7427886297,196.35697157425
2025-02-05,TEC14,Linear,independent,raw,330.3486273183776,335.5416667,172.1676493107168,172.3333333,87.35371476277535,195.38428690693837,164.1381805496304,163.2083333,87.35371476277535,195.38428690693837
2025-02-06,TEC14,Linear,independent,raw,324.3169127474398,328.375,169.5696065730185,164.4166667,86.29450447658817,192.73626119147045,161.5505964299,163.9583333,86.29450447658817,192.73626119147045
2025-02-07,TEC14,Linear,independent,raw,323.6265665825696,330.4583333,169.2686921168595,165.1666667,86.1737087232,192.43427180799998,161.1921650007376,165.2916667,86.1737087232,192.43427180799998
2025-02-08,TEC14,Linear,independent,raw,329.0206200688931,339.8333333,171.5089303142651,169.7916667,87.11989868017577,194.7997467004394,163.8442216330898,170.0416667,87.11989868017577,194.7997467004394
2025-02-09,TEC14,Linear,independent,raw,326.8804400404097,339.9166667,170.5824270506199,169.8333333,86.74381316680254,193.85953291700633,162.9249204123235,170.0833333,86.74381316680254,193.85953291700633
2025-02-10,TEC14,Linear,independent,raw,326.6451086126707,339.8333333,170.4987200293909,169.875,86.70251451902837,193.75628629757094,162.7970542284153,169.9583333,86.70251451902837,193.75628629757094
2025-02-11,TEC14,Linear,independent,raw,324.3169127474398,339.7916667,169.5696065730185,169.8333333,86.29450447658817,192.73626119147045,161.5505964299,169.9583333,86.29450447658817,192.73626119147045
2025-02-12,TEC14,Linear,independent,raw,325.5919385689155,337.9583333,170.1240711245119,169.5416667,86.51782393038066,193.29455982595164,162.215131668785,168.4166667,86.51782393038066,193.29455982595164
2025-02-13,TEC14,Linear,independent,raw,325.0107956985721,330.2916667,169.8717858144716,165.3333333,86.41600093461872,193.0400023365468,161.9682656976994,164.9583333,86.41600093461872,193.0400023365468
2025-02-14,TEC14,Linear,independent,raw,327.9454723664571,302.5416667,170.961382248286,149.4166667,86.9308538992404,194.327134748101,163.6986838456124,153.125,86.9308538992404,194.327134748101
2025-02-15,TEC14,Linear,independent,raw,332.925802899614,332.7916667,173.4401471146093,167.3333333,87.80838993104317,196.52097482760792,164.4982083478497,165.4583333,87.80838993104317,196.52097482760792
2025-02-16,TEC14,Linear,independent,raw,333.6718123028264,323.625,173.7885060762657,160.8333333,87.94021363088424,196.85053407721063,164.6535629129295,162.7916667,87.94021363088424,196.85053407721063
2025-02-17,TEC14,Linear,independent,raw,334.2965936507977,318.875,173.9917056713199,157.2083333,88.0506822392426,197.1267055981065,164.6684623922407,161.6666667,88.0506822392426,197.1267055981065
2025-02-18,TEC14,Linear,independent,raw,329.3812816574475,335.4583333,171.6883947907865,167.5,87.18336512458538,194.95841281146346,164.1698953084943,167.9583333,87.18336512458538,194.95841281146346
2025-02-19,TEC14,Linear,independent,raw,328.7808135539915,336.6666667,171.3874453608581,168.625,87.07771343250063,194.69428358125157,163.8521503228058,168.0416667,87.07771343250063,194.69428358125157
2025-02-20,TEC14,Linear,independent,raw,330.2272662262004,334.0416667,172.107561812112,166.8333333,87.33233331414466,195.33083328536165,164.1421448944884,167.2083333,87.33233331414466,195.33083328536165
2025-02-21,TEC14,Linear,independent,raw,323.6265665825696,316.7083333,169.2686921168595,163.4166667,86.1737087232,192.43427180799998,161.1921650007376,153.2916667,86.1737087232,192.43427180799998
2025-02-22,TEC14,Linear,independent,raw,323.0537421878007,318.4583333,169.0187858077296,168.7083333,86.07353377569999,192.18383443924998,160.8534541338763,149.75,86.07353377569999,192.18383443924998
2025-02-23,TEC14,Linear,independent,raw,321.5731860178856,339.7083333,168.3722425609175,169.875,85.8148198348783,191.53704958719575,160.3780823961941,169.8333333,85.8148198348783,191.53704958719575
2025-02-24,TEC14,Linear,independent,raw,321.8002565295843,337.125,168.471473315935,168.4583333,85.85448183802922,191.63620459507302,160.3643596299748,168.6666667,85.85448183802922,191.63620459507302
2025-02-25,TEC14,Linear,independent,raw,319.988540685047,331.5,167.6794341119294,165.6666667,85.53814634319215,190.8453658579804,159.3777953812217,165.8333333,85.53814634319215,190.8453658579804
2025-02-26,TEC14,Linear,independent,raw,318.9720066862535,326.25,167.234845591679,168.9166667,85.36071405201545,190.4017851300386,158.4375607919007,157.3333333,85.36071405201545,190.4017851300386
2025-02-27,TEC14,Linear,independent,raw,318.6330787790945,317.0,167.0866092663481,161.6666667,85.30155346335171,190.25388365837927,158.3717031291964,155.3333333,85.30155346335171,190.25388365837927
2025-02-28,TEC14,Linear,independent,raw,319.988540685047,332.7916667,167.6794341119294,167.2083333,85.53814634319215,190.8453658579804,159.3777953812217,165.5833333,85.53814634319215,190.8453658579804
2025-03-01,TEC14,Linear,independent,raw,319.3691098868685,339.19875,167.6149757129887,169.7385417,85.7752,191.438,159.7902536844114,169.4602083,85.7752,191.438
2025-03-02,TEC14,Linear,independent,raw,318.5765032429373,339.2322917,167.0921414684485,169.8339583,85.63680699280943,191.09201748202355,159.4522595399286,169.3983333,85.63680699280943,191.09201748202355
2025-03-03,TEC14,Linear,independent,raw,318.3503584120481,336.5035417,166.9428764094743,168.4879167,85.59732838463705,190.99332096159262,159.3660698776444,168.015625,85.59732838463705,190.99332096159262
2025-03-04,TEC14,Linear,independent,raw,317.7853858221033,327.7939583,166.5691114833272,165.9579167,85.49870902904539,190.74677257261348,158.9853478228983,161.8360417,85.49870902904539,190.74677257261348
2025-03-05,TEC14,Linear,independent,raw,318.0113222226015,334.2795833,166.7190541058519,167.8385417,85.53814634319215,190.8453658579804,159.0800677047682,166.4410417,85.53814634319215,190.8453658579804
2025-03-06,TEC14,Linear,independent,raw,315.6375891350385,335.4445833,165.1957825034641,167.8235417,85.12377700321076,189.80944250802688,157.0870640519447,167.6210417,85.12377700321076,189.80944250802688
2025-03-07,TEC14,Linear,independent,raw,316.0905209909057,336.1858333,165.4335577563914,168.8791667,85.20286145042166,190.00715362605413,157.1764150082647,167.3066667,85.20286145042166,190.00715362605413
2025-03-08,TEC14,Linear,independent,raw,314.7289839188089,339.5389583,164.7749941894514,170.2266667,84.96506496459403,189.4126624114851,156.283369151822,169.3122917,84.96506496459403,189.4126624114851
2025-03-09,TEC14,Linear,independent,raw,317.107738114413,336.7760417,166.1150224938694,168.2047917,85.3804290816,190.45107270399998,158.1740646571015,168.57125,85.3804290816,190.45107270399998
2025-03-10,TEC14,Linear,independent,raw,315.8641448559754,339.439375,165.3007499632085,170.1575,85.16333701651834,189.90834254129587,156.8536204481688,169.281875,85.16333701651834,189.90834254129587
2025-03-11,TEC14,Linear,independent,raw,316.3167458933458,339.4025,165.5850361896304,169.7910417,85.24235592229158,190.10588980572894,158.0460921474209,169.6114583,85.24235592229158,190.10588980572894
2025-03-12,TEC14,Linear,independent,raw,321.3053996847588,339.8654167,168.8889534820919,169.883125,86.11355347238812,192.2838836809703,160.7971450741792,169.9822917,86.11355347238812,192.2838836809703
2025-03-13,TEC14,Linear,independent,raw,319.4825132932116,336.6047917,167.6897136412503,168.7016667,85.79500487967994,191.48751219919984,160.0843190645986,167.903125,85.79500487967994,191.48751219919984
2025-03-14,TEC14,Linear,independent,raw,320.3917650890795,332.871875,168.2885204854106,166.8027083,85.95384501802357,191.8846125450589,160.1302745882017,166.0691667,85.95384501802357,191.8846125450589
2025-03-15,TEC14,Linear,independent,raw,320.050339872825,338.9210417,168.0637947637209,169.461875,85.8941896649192,191.73547416229798,160.0687021816061,169.4591667,85.8941896649192,191.73547416229798
2025-03-16,TEC14,Linear,independent,raw,319.4825132932116,336.73125,167.6897136412503,168.9308333,85.79500487967994,191.48751219919984,160.0843190645986,167.8004167,85.79500487967994,191.48751219919984
2025-03-17,TEC14,Linear,independent,raw,322.8018715013721,339.3477083,169.8691440780997,169.74875,86.3754206056,192.93855151399998,161.3479663231189,169.5989583,86.3754206056,192.93855151399998
2025-03-18,TEC14,Linear,independent,raw,319.0291805754149,336.433125,167.3908221560749,168.616875,85.71584101409476,191.28960253523692,159.7217417579607,167.81625,85.71584101409476,191.28960253523692
2025-03-19,TEC14,Linear,independent,raw,315.070223052223,338.161875,164.9329723729406,169.071875,85.02468345114762,189.56170862786905,156.8881622324284,169.09,85.02468345114762,189.56170862786905
2025-03-20,TEC14,Linear,independent,raw,317.3336180446582,339.310625,166.2663804713661,169.7720833,85.41985520791536,190.5496380197884,158.4142397366405,169.5385417,85.41985520791536,190.5496380197884
2025-03-21,TEC14,Linear,independent,raw,316.994788223808,331.5691667,166.0393359766372,165.5741667,85.36071405201545,190.4017851300386,158.1625931791852,165.995,85.36071405201545,190.4017851300386
2025-03-22,TEC14,Linear,independent,raw,317.3336180446582,324.493125,166.2663804713661,161.95125,85.41985520791536,190.5496380197884,158.4142397366405,162.541875,85.41985520791536,190.5496380197884
2025-03-23,TEC14,Linear,independent,raw,314.7289839188089,330.4595833,164.7749941894514,165.050625,84.96506496459403,189.4126624114851,156.283369151822,165.4089583,84.96506496459403,189.4126624114851
2025-03-24,TEC14,Linear,independent,raw,166.7695905134593,172.6235417,0.0,0.0,0.0,0.0,159.452448655535,169.5133333,85.04452721690384,189.6113180422596
2025-03-25,TEC14,Linear,independent,raw,166.0514147988845,169.934375,0.0,0.0,0.0,0.0,159.2264632945023,169.934375,84.84536595214492,189.11341488036228
2025-03-26,TEC14,Linear,independent,raw,166.4829130791339,169.76,0.0,0.0,0.0,0.0,159.3114921734642,169.76,84.96506496459403,189.4126624114851
2025-03-27,TEC14,Linear,independent,raw,167.6976982732207,168.9227083,0.0,0.0,0.0,0.0,159.6625147949674,168.9227083,85.30155346335171,190.25388365837927
2025-03-28,TEC14,Linear,independent,raw,164.520121077811,169.2564583,0.0,0.0,0.0,0.0,158.056359650114,169.2564583,84.41923820793201,188.04809551983
2025-03-29,TEC14,Linear,independent,raw,162.1585952642912,168.984375,0.0,0.0,0.0,0.0,156.8858260817794,168.984375,83.75572073034698,186.38930182586745
2025-03-30,TEC14,Linear,independent,raw,160.4523155465278,168.4647917,0.0,0.0,0.0,0.0,156.2481887424747,168.4647917,83.2698958336,185.17473958399998
2025-03-31,TEC14,Linear,independent,raw,161.1147476066298,160.070625,0.0,0.0,0.0,0.0,156.2524026780047,160.070625,83.45920936811888,185.6480234202972
2025-04-01,TEC14,Linear,independent,raw,161.0811765338551,172.0220833,0.0,0.0,0.0,0.0,157.0536118546676,169.3591667,84.29465817043521,187.73664542608805
2025-04-02,TEC14,Linear,independent,raw,161.9686269298127,169.4864583,0.0,0.0,0.0,0.0,158.1039942458958,169.4864583,84.54239871629552,188.3559967907388
2025-04-03,TEC14,Linear,independent,raw,160.7813680899735,160.8660417,0.0,0.0,0.0,0.0,156.7629924664287,159.055625,84.21071622320574,187.5267905580143
2025-04-04,TEC14,Linear,independent,raw,162.2610309838531,169.3883333,0.0,0.0,0.0,0.0,158.1999036195132,169.3883333,84.62381462716708,188.5595365679177
2025-04-05,TEC14,Linear,independent,raw,315.8096313548455,297.8702083,165.2594024404665,128.2495833,85.6763098002,191.1907745005,158.73189592514,169.620625,85.6763098002,191.1907745005
2025-04-06,TEC14,Linear,independent,raw,315.6964812571906,321.6775,165.1765789205032,160.7110417,85.65655510579009,191.14138776447524,158.627507692404,160.9664583,85.65655510579009,191.14138776447524
2025-04-07,TEC14,Linear,independent,raw,314.9052083084815,331.4610417,164.5970401352766,165.9585417,85.5184263289953,190.79606582248823,158.0967558422272,165.5025,85.5184263289953,190.79606582248823
2025-04-08,TEC14,Linear,independent,raw,315.2441861328107,334.4454167,164.8453601254888,167.1154167,85.5775968072,190.943992018,158.4943954203393,167.33,85.5775968072,190.943992018
2025-04-09,TEC14,Linear,independent,raw,315.4702780468332,338.0860417,165.0109469375443,169.061875,85.61706493153443,191.0426623288361,158.4774778969733,169.0241667,85.61706493153443,191.0426623288361
2025-04-10,TEC14,Linear,independent,raw,317.8548305693565,339.7002083,166.7533727060742,169.6870833,86.0335778074105,192.0839445185262,159.2448880241387,170.013125,86.0335778074105,192.0839445185262
2025-04-11,TEC14,Linear,independent,raw,317.1709442430166,337.4445833,166.2546247501597,168.708125,85.91406187092704,191.7851546773176,159.2535756421046,168.7364583,85.91406187092704,191.7851546773176
2025-04-12,TEC14,Linear,independent,raw,317.8548305693565,327.0075,166.7533727060742,163.38875,86.0335778074105,192.0839445185262,159.2448880241387,163.61875,86.0335778074105,192.0839445185262
2025-04-13,TEC14,Linear,independent,raw,309.9007136852057,337.0091667,160.943229025377,168.4820833,84.6440904087508,188.61022602187697,151.9913493096175,168.5270833,84.6440904087508,188.61022602187697
2025-04-14,TEC14,Linear,independent,raw,303.1809242302671,312.0570833,156.392768714053,156.1233333,83.45920936811888,185.6480234202972,142.0676156251964,155.93375,83.45920936811888,185.6480234202972
2025-04-15,TEC14,Linear,independent,raw,304.4722713596171,304.5577083,157.1766310296177,151.8766667,83.68842487600062,186.22106219000153,144.9809160924123,152.6810417,83.68842487600062,186.22106219000153
2025-04-16,TEC14,Linear,independent,raw,300.0429705285625,300.083125,154.9507692864802,149.7097917,82.89875837094999,184.246895927375,140.6783775084775,150.3733333,82.89875837094999,184.246895927375
2025-04-17,TEC14,Linear,independent,raw,300.3262393845212,309.2783333,155.0795116983606,153.7795833,82.94955433521604,184.37388583804008,140.6092704341515,155.49875,82.94955433521604,184.37388583804008
2025-04-18,TEC14,Linear,independent,raw,298.2968375457594,316.1133333,154.1633331322499,156.3370833,82.58476611865964,183.4619152966491,139.5622388749091,159.77625,82.58476611865964,183.4619152966491
2025-04-19,TEC14,Linear,independent,raw,293.2009365113375,307.76375,152.1490470406238,147.6752083,81.66037093941821,181.15092734854554,135.650701956951,160.0885417,81.66037093941821,181.15092734854554
2025-04-20,TEC14,Linear,independent,raw,307.0703922903347,276.3485417,158.9457226880986,137.5704167,84.14724971646481,187.36812429116205,147.3555957971614,138.778125,84.14724971646481,187.36812429116205
2025-04-21,TEC14,Linear,independent,raw,307.7894948375149,316.7264583,159.4430854029767,157.930625,84.27374265625,187.684356640625,148.8997232965649,158.7958333,84.27374265625,187.684356640625
2025-04-22,TEC14,Linear,independent,raw,306.7073765611862,311.01,158.695806659301,155.1577083,84.08331687201833,187.20829218004582,147.3137614203467,155.8522917,84.08331687201833,187.20829218004582
2025-04-23,TEC14,Linear,independent,raw,307.3110868826335,297.3247917,159.1118364940267,148.2497917,84.18961090916719,187.47402727291794,147.3679125237917,149.075,84.18961090916719,187.47402727291794
2025-04-24,TEC14,Linear,independent,raw,309.2036415189364,301.7375,160.439783295513,149.1858333,84.52196210652994,188.30490526632485,150.3088224320637,152.5516667,84.52196210652994,188.30490526632485
2025-04-25,TEC14,Linear,independent,raw,311.2796873716767,299.751875,161.944760204573,150.2277083,84.8853414196,189.21335354899998,155.4086752290588,149.5241667,84.8853414196,189.21335354899998
2025-04-26,TEC14,Linear,independent,raw,313.0973821270763,318.1354167,163.2726467781881,157.1008333,85.20286145042166,190.00715362605413,156.3236288512447,161.0345833,85.20286145042166,190.00715362605413
2025-04-27,TEC14,Linear,independent,raw,165.8768442241987,220.17875,164.0476785050618,162.1827083,85.2620936473023,190.15523411825572,0.0,57.99604167,0.0,0.0
2025-04-28,TEC14,Linear,independent,raw,308.7354687358696,300.6722917,160.1029030806106,154.1333333,84.43985814169747,188.09964535424365,150.0745151642224,146.5389583,84.43985814169747,188.09964535424365
2025-04-29,TEC14,Linear,independent,raw,307.6702533063925,304.4041667,159.3604124526912,151.8564583,84.25278113298677,187.63195283246694,147.9151133592788,152.5477083,84.25278113298677,187.63195283246694
2025-04-30,TEC14,Linear,independent,raw,311.6219390897589,308.3572917,162.1942546382725,153.9722917,84.94516051843978,189.36290129609944,155.43454733966,154.385,84.94516051843978,189.36290129609944
2025-05-01,TEC14,Linear,independent,raw,308.0726372478607,308.5616667,157.4041984529034,154.0277083,84.8853414196,189.21335354899998,154.082393387362,154.5339583,84.8853414196,189.21335354899998
2025-05-02,TEC14,Linear,independent,raw,302.6433812797211,265.2720833,153.5140177253808,118.4591667,83.93217718128452,186.8304429532113,144.4252126081918,146.8129167,83.93217718128452,186.8304429532113
2025-05-03,TEC14,Linear,independent,raw,301.7711630394872,280.7897917,152.905629789874,139.855625,83.7780116023356,186.44502900583896,144.4129231725933,140.9341667,83.7780116023356,186.44502900583896
2025-05-04,TEC14,Linear,independent,raw,303.8633421665186,284.6295833,154.3738424434316,141.7422917,84.14724971646481,187.36812429116205,145.7759116835652,142.8872917,84.14724971646481,187.36812429116205
2025-05-05,TEC14,Linear,independent,raw,308.6426185077877,270.3566667,157.8198819773699,135.3604167,84.984953088,189.46238272,154.3217270792049,134.99625,84.984953088,189.46238272
2025-05-06,TEC14,Linear,independent,raw,306.1131834406605,303.445625,155.9832797351652,151.3779167,84.54239871629552,188.3559967907388,149.8650334227688,152.0677083,84.54239871629552,188.3559967907388
2025-05-07,TEC14,Linear,independent,raw,309.6639558683299,308.945,158.5664078726562,154.2202083,85.16333701651834,189.90834254129587,154.6745524494521,154.7247917,85.16333701651834,189.90834254129587
2025-05-08,TEC14,Linear,independent,raw,308.414888965943,307.0935417,157.6536928866029,154.6266667,84.94516051843978,189.36290129609944,154.1082654979632,152.466875,84.94516051843978,189.36290129609944
2025-05-09,TEC14,Linear,independent,raw,304.9387951731965,304.9247917,155.1396864283889,152.4735417,84.3363549839786,187.8408874599465,147.8065120813127,152.45125,84.3363549839786,187.8408874599465
2025-05-10,TEC14,Linear,independent,raw,305.8798234695522,311.06125,155.8150880676825,155.3020833,84.50149065158492,188.25372662896228,148.681611767343,155.7591667,84.50149065158492,188.25372662896228
2025-05-11,TEC14,Linear,independent,raw,307.2704169631504,313.36625,156.8207599130199,156.4152083,84.74504376728126,188.86260941820314,152.5512550045855,156.9510417,84.74504376728126,188.86260941820314
2025-05-12,TEC14,Linear,independent,raw,301.8967669618532,279.3441667,152.9928800583668,140.7585417,83.80023363634228,186.50058409085568,144.4793346500799,138.585625,83.80023363634228,186.50058409085568
2025-05-13,TEC14,Linear,independent,raw,300.3654516838892,298.25,151.9370685102981,148.838125,83.52880085807209,185.82200214518022,141.572568564176,149.411875,83.52880085807209,185.82200214518022
2025-05-14,TEC14,Linear,independent,raw,303.2569421804484,263.4191667,153.9452099266681,131.980625,84.04042280558608,187.10105701396517,145.585919819137,131.4385417,84.04042280558608,187.10105701396517
2025-05-15,TEC14,Linear,independent,raw,299.3127764234176,304.3235417,151.2218562481753,151.7802083,83.34154580290283,185.35386450725704,140.8379732485373,152.5433333,83.34154580290283,185.35386450725704
2025-05-16,TEC14,Linear,independent,raw,296.2628934564707,283.2820833,149.1997822767683,141.2435417,82.79588080124421,183.9897020031105,138.2870056253067,142.0385417,82.79588080124421,183.9897020031105
2025-05-17,TEC14,Linear,independent,raw,157.6987126921273,170.5875,159.6828128611117,168.3029167,83.45920936811888,185.6480234202972,0.0,0.0,0.0,0.0
2025-05-18,TEC14,Linear,independent,raw,155.7949716366062,168.619375,159.0740876613994,168.619375,82.743783592095,183.8594589802375,0.0,0.0,0.0,0.0
2025-05-19,TEC14,Linear,independent,raw,226.4147635348309,234.170625,161.1884662044283,169.370625,82.87320115405456,184.18300288513637,70.95619666651746,64.8,41.43660057702728,92.09150144256819
2025-05-20,TEC14,Linear,independent,raw,226.7285662400894,215.9560417,161.3860743271333,139.3166667,82.94955433521604,184.37388583804008,74.04548821033634,76.639375,41.47477716760802,92.18694291902004
2025-05-21,TEC14,Linear,independent,raw,229.0296408105668,232.169375,162.7872166726157,151.896875,83.5056851832,185.76421295799997,77.99667601219763,80.2725,41.7528425916,92.88210647899999
2025-05-22,TEC14,Linear,independent,raw,227.1417457453225,232.1372917,161.6346153120284,151.86125,83.0499000868327,184.62475021708173,74.00360150302285,80.27604167,41.52495004341635,92.31237510854086
2025-05-23,TEC14,Linear,independent,raw,223.4236580057628,231.9714583,159.3244318806329,152.44,82.13943183035923,182.34857957589804,70.94763743906942,79.53145833,41.069715915179614,91.17428978794902
2025-05-24,TEC14,Linear,independent,raw,226.7285662400894,218.4804167,161.3860743271333,141.6377083,82.94955433521604,184.37388583804008,74.04548821033634,76.84270833,41.47477716760802,92.18694291902004
2025-05-25,TEC14,Linear,independent,raw,226.6243443996899,209.4225,161.3219590896455,135.88375,82.92420910300584,184.3105227575146,74.04945255519434,73.53875,41.46210455150292,92.1552613787573
2025-05-26,TEC14,Linear,independent,raw,228.4459928935171,223.365625,162.4279112953781,145.338125,83.36525108592475,185.41312771481188,77.32666879836937,78.0275,41.68262554296238,92.70656385740594
2025-05-27,TEC14,Linear,independent,raw,154.8075650792024,153.4404167,158.6596223189247,151.87625,82.36610349345,182.915258733625,0.0,0.0,0.0,0.0
2025-05-28,TEC14,Linear,independent,raw,153.6919361973231,151.8845833,158.1341392843052,151.8845833,81.9341841096,181.83546027399998,0.0,0.0,0.0,0.0
2025-05-29,TEC14,Linear,independent,raw,151.9361429711111,154.12375,157.3231951023101,154.12375,81.24421659768586,180.11054149421466,0.0,0.0,0.0,0.0
2025-05-30,TEC14,Linear,independent,raw,154.2203620848135,152.5820833,158.3822591515685,152.5820833,82.13943183035923,182.34857957589804,0.0,0.0,0.0,0.0
2025-05-31,TEC14,Linear,independent,raw,155.2367920860243,154.0710417,158.8635021461793,154.0710417,82.5308265416605,183.32706635415124,0.0,0.0,0.0,0.0
2025-06-01,TEC14,Linear,independent,raw,81.82607395351148,80.38395833,81.36823281794378,80.38395833,41.48739752806891,92.21849382017228,0.0,0.0,0.0,0.0
2025-06-02,TEC14,Linear,independent,raw,79.08952745064789,91.7075,0.0,0.0,0.0,0.0,76.22825581705386,90.15395833,41.19693255950523,91.49233139876307
2025-06-03,TEC14,Linear,independent,raw,149.0413650263948,150.113125,0.0,0.0,0.0,0.0,149.9493471993658,150.113125,82.5036775,183.25919374999998
2025-06-04,TEC14,Linear,independent,raw,148.854263006289,152.4710417,0.0,0.0,0.0,0.0,149.4838808803415,152.4710417,82.44901635303998,183.12254088259994
2025-06-05,TEC14,Linear,independent,raw,147.1032726862592,151.190625,0.0,0.0,0.0,0.0,149.3517821258048,151.190625,81.9341841096,181.83546027399998
2025-06-06,TEC14,Linear,independent,raw,147.8967928228938,152.29,0.0,0.0,0.0,0.0,149.6751206706156,152.29,82.16821885066224,182.4205471266556
2025-06-07,TEC14,Linear,independent,raw,147.0022940590197,150.205,0.0,0.0,0.0,0.0,149.4128100886134,150.205,81.9043195756629,181.7607989391572
2025-06-08,TEC14,Linear,independent,raw,148.0912826339378,121.6570833,0.0,0.0,0.0,0.0,149.6132457074274,121.6570833,82.22540037120001,182.563500928
2025-06-09,TEC14,Linear,independent,raw,151.3529413315406,153.3995833,0.0,0.0,0.0,0.0,150.3936742323544,153.3995833,83.17307809383874,184.93269523459685
2025-06-10,TEC14,Linear,independent,raw,149.6852171801515,152.146875,0.0,0.0,0.0,0.0,150.1116925449887,152.146875,82.69123714430697,183.7280928607674
2025-06-11,TEC14,Linear,independent,raw,149.1343839251991,142.6179167,0.0,0.0,0.0,0.0,150.2083011366096,142.6179167,82.5308265416605,183.32706635415124
2025-06-12,TEC14,Linear,independent,raw,147.8967928228938,152.2220833,0.0,0.0,0.0,0.0,149.6751206706156,152.2220833,82.16821885066224,182.4205471266556
2025-06-13,TEC14,Linear,independent,raw,147.6021697415755,152.1935417,0.0,0.0,0.0,0.0,148.7905737996533,152.1935417,82.081461193,182.2036529825
2025-06-14,TEC14,Linear,independent,raw,147.5031823344652,139.7991667,0.0,0.0,0.0,0.0,148.7678146108604,139.7991667,82.05227597154524,182.1306899288631
2025-06-15,TEC14,Linear,independent,raw,146.491285571494,129.7641667,0.0,0.0,0.0,0.0,150.1327503231861,129.7641667,81.75291063011574,181.38227657528932
2025-06-16,TEC14,Linear,independent,raw,145.0044952193734,147.0285417,0.0,0.0,0.0,0.0,147.8278017570314,147.0285417,81.309872364,180.27468091
2025-06-17,TEC14,Linear,independent,raw,147.4038011957624,147.8672917,0.0,0.0,0.0,0.0,148.7717789557183,147.8672917,82.02295642702819,182.05739106757045
2025-06-18,TEC14,Linear,independent,raw,147.4038011957624,144.2235417,0.0,0.0,0.0,0.0,148.7717789557183,144.2235417,82.02295642702819,182.05739106757045
2025-06-19,TEC14,Linear,independent,raw,149.7758348616351,152.1397917,0.0,0.0,0.0,0.0,150.1077282001307,152.1397917,82.71756700135049,183.79391750337624
2025-06-20,TEC14,Linear,independent,raw,149.6852171801515,154.3804167,0.0,0.0,0.0,0.0,150.1116925449887,154.3804167,82.69123714430697,183.7280928607674
2025-06-21,TEC14,Linear,independent,raw,149.3193708588488,149.6933333,0.0,0.0,0.0,0.0,150.140676563253,149.6933333,82.58476611865964,183.4619152966491
2025-06-22,TEC14,Linear,independent,raw,149.5942647029211,155.5216667,0.0,0.0,0.0,0.0,150.128783528679,155.5216667,82.66479307039376,183.66198267598438
2025-06-23,TEC14,Linear,independent,raw,148.5709099067737,153.3897917,0.0,0.0,0.0,0.0,149.5587002556035,153.3897917,82.36610349345,182.915258733625
2025-06-24,TEC14,Linear,independent,raw,148.6657244289828,145.6614583,0.0,0.0,0.0,0.0,149.5547359107455,145.6614583,82.39386511901046,182.98466279752614
2025-06-25,TEC14,Linear,independent,raw,150.1350135688694,149.8358333,0.0,0.0,0.0,0.0,150.0574864720053,149.8358333,82.8217633445569,184.05440836139223
2025-06-26,TEC14,Linear,independent,raw,149.5942647029211,152.255625,0.0,0.0,0.0,0.0,150.128783528679,152.255625,82.66479307039376,183.66198267598438
2025-06-27,TEC14,Linear,independent,raw,147.2038486139435,154.4379167,0.0,0.0,0.0,0.0,149.2647001003591,154.4379167,81.96391126101952,181.90977815254877
2025-06-28,TEC14,Linear,independent,raw,146.6969204378331,150.0520833,0.0,0.0,0.0,0.0,150.0886545349153,150.0520833,81.81389432956226,181.53473582390566
2025-06-29,TEC14,Linear,independent,raw,150.6642176078083,139.7845833,0.0,0.0,0.0,0.0,150.2805743504073,139.7845833,82.97479505613782,184.43698764034457
